-- MySQL dump 10.9
--
-- Host: mysql    Database: washrotary
-- ------------------------------------------------------
-- Server version	4.1.12

/*!40101 SET @OLD_CHARACTER_SET_CLIENT=@@CHARACTER_SET_CLIENT */;
/*!40101 SET @OLD_CHARACTER_SET_RESULTS=@@CHARACTER_SET_RESULTS */;
/*!40101 SET @OLD_COLLATION_CONNECTION=@@COLLATION_CONNECTION */;
/*!40101 SET NAMES utf8 */;
/*!40014 SET @OLD_UNIQUE_CHECKS=@@UNIQUE_CHECKS, UNIQUE_CHECKS=0 */;
/*!40014 SET @OLD_FOREIGN_KEY_CHECKS=@@FOREIGN_KEY_CHECKS, FOREIGN_KEY_CHECKS=0 */;
/*!40101 SET @OLD_SQL_MODE=@@SQL_MODE, SQL_MODE='NO_AUTO_VALUE_ON_ZERO' */;
/*!40111 SET @OLD_SQL_NOTES=@@SQL_NOTES, SQL_NOTES=0 */;

--
-- Table structure for table `bidders`
--

DROP TABLE IF EXISTS `bidders`;
CREATE TABLE `bidders` (
  `BidderID` int(11) NOT NULL auto_increment,
  `Phone` char(15) default NULL,
  `Name` char(50) default NULL,
  `Address` char(50) default NULL,
  `City` char(30) default NULL,
  `State` char(2) default NULL,
  `Zip` char(15) default NULL,
  `Email` char(50) default NULL,
  `Tracking` char(1) default NULL,
  PRIMARY KEY  (`BidderID`)
) ENGINE=MyISAM DEFAULT CHARSET=latin1;

--
-- Dumping data for table `bidders`
--


/*!40000 ALTER TABLE `bidders` DISABLE KEYS */;
LOCK TABLES `bidders` WRITE;
INSERT INTO `bidders` (`BidderID`, `Phone`, `Name`, `Address`, `City`, `State`, `Zip`, `Email`, `Tracking`) VALUES (1,'6362398982','steve forget',NULL,NULL,NULL,NULL,'forget',NULL),(2,'6362398982','steve forget',NULL,NULL,NULL,NULL,'forget',NULL),(3,'6362596227','Mark & Lynn','3735 Kopp Lane','Washington','MO','63090','Becker','O'),(4,'6363904597','ANDY BECKERMAN',NULL,NULL,NULL,NULL,NULL,NULL),(5,'6367982423','Alvyne','800 matson hill rd','defiannce',NULL,'63341','rethemeyer',NULL),(6,'6363904032','DOUG CHARLES',NULL,NULL,NULL,'','',NULL),(7,'6363903860','Joe Kopp',NULL,NULL,NULL,NULL,NULL,NULL),(8,'6362393168','Megan','2141 Meadow Oaks Lane',NULL,NULL,NULL,'Holtmeyer','R'),(9,'6362395124','Donna Klott','659 LeCasa Lane','Washington','MO','63090','Klott','R'),(10,'6362397192','Helen Nowak','5165 North Lane',NULL,NULL,'63090','Nowak','R'),(11,'6365836659','linda becker',NULL,NULL,NULL,NULL,'Becker',NULL),(12,'5734596699','DON BRANDT','P O BOX 277','NEW HAVEN','MO','63068',NULL,NULL),(13,'6362573469','Judy Mosley','3637 Westwood Drive','Pacific','MO','63069','Mosley','R'),(14,'6366292513','lisa preddy','634 Hwy ab',NULL,NULL,'63077',NULL,NULL),(15,'6362394053','Debbie Skornia',NULL,NULL,NULL,NULL,'Skornia','R'),(16,'6362395680','MIKE KLEMM','2110 MONTY VIEW','WASHINGTON','MO','63090',NULL,NULL),(17,'6364335535','Jim Dierking',NULL,NULL,NULL,NULL,NULL,NULL),(18,'6363903901','Don Kluba',NULL,NULL,NULL,NULL,NULL,NULL),(19,'6362393704','Alison Francis',NULL,NULL,NULL,NULL,'FRANCIS',NULL),(20,'6362900560','Robin Hinah',NULL,NULL,NULL,NULL,'Hinah','R'),(21,'6365832401','NATALIE POLLOCK','579 TEGLER DR',NULL,NULL,'63084',NULL,NULL),(22,'3147133286','Diane Straatmann','P.O. Box 85','Union',NULL,NULL,NULL,NULL),(23,'3149523324','Curt Dennison','PO Box 1726',NULL,NULL,'63090',NULL,'O'),(24,'6363909192','Brett Volmert',NULL,NULL,NULL,NULL,NULL,NULL),(25,'3144127982','Debbie Skornia',NULL,NULL,NULL,NULL,NULL,NULL),(26,'6369324628','Bill Harl',NULL,NULL,NULL,NULL,NULL,NULL),(27,'3146508295','Karen',NULL,NULL,NULL,'63090',NULL,'R'),(28,'6362390413','Patty Wood',NULL,NULL,NULL,NULL,NULL,NULL),(29,'6362880895','MARK FRANKENBERG','4485 OLD HWY 100',NULL,NULL,'63090',NULL,NULL),(30,'3142108524','Wayne Kidd',NULL,NULL,NULL,'','Kidd','R'),(31,'6362394785','Rita Griesheimer',NULL,NULL,NULL,NULL,NULL,NULL),(32,'5738345076','Darla Wilson',NULL,NULL,NULL,NULL,NULL,NULL),(33,'6363901992','Brett Volmert','1026 Karen Lane','Washington',NULL,NULL,NULL,NULL),(34,'6363902663','Elda Seener',NULL,NULL,NULL,NULL,NULL,NULL),(35,'6363904685','Jimmi and Andrew Wilson','710 Cindy Drive','Washington','MO','63090',NULL,'R'),(36,'6365840893','JOYCE BURNS','7 ALLISON DR',NULL,NULL,'63084',NULL,NULL),(37,'3142108524','WAYNE KIDD','10 E 4TH','WASHINGTON',NULL,'63090',NULL,NULL),(38,'6362399410','NANCY STRUCKHOFF','1465 ROCK LN',NULL,NULL,'63090',NULL,NULL),(39,'3142656144','SJM','250 Hilltop','Labadie',NULL,NULL,'Mook','R'),(40,'6362391137','Laurie Walde','2005 RAMBLEWOOD',NULL,NULL,'63090',NULL,NULL),(41,'6363586517','Denise Queiesenberry',NULL,NULL,NULL,NULL,NULL,NULL),(42,'6362391512','Mark Noelke',NULL,NULL,NULL,NULL,'Noelke',NULL),(43,'3143594683','Mark Beste',NULL,NULL,NULL,NULL,NULL,NULL),(44,'6362394611','Jeff Hasting','2209 Anniston','Washington',NULL,NULL,NULL,NULL),(45,'3148081364','John Lochirco',NULL,NULL,NULL,NULL,NULL,NULL),(46,'6362387192','',NULL,NULL,NULL,NULL,NULL,NULL),(47,'6363902425','Joe Green',NULL,NULL,NULL,NULL,NULL,NULL),(48,'6362392387','Tracy Comely',NULL,NULL,NULL,NULL,NULL,NULL),(49,'6365847446','Greg Roeback',NULL,NULL,NULL,NULL,NULL,NULL),(50,'6362391115','GAIL LAUSE','7926 HWY YY',NULL,NULL,'63090',NULL,NULL),(51,'6362572948','SUSAN BEFFA','3075 SHAW LN','PACIFIC',NULL,'63069',NULL,NULL),(52,'5732378889','Dallas Bennett',NULL,NULL,NULL,NULL,NULL,NULL),(53,'6363909113','Lenny Reed',NULL,NULL,NULL,NULL,NULL,NULL),(54,'6362394813','Linda Fischer',NULL,NULL,NULL,NULL,NULL,'R'),(55,'6366673273','Chris Bowen',NULL,NULL,NULL,NULL,NULL,NULL),(56,'6362390988','Mark Buschman',NULL,NULL,NULL,NULL,NULL,'R'),(57,'6363681903','Gitty-up',NULL,NULL,NULL,NULL,NULL,NULL),(58,'6365837740','Michele Douglas',NULL,NULL,NULL,NULL,NULL,NULL),(59,'6362399537','Eileen Shellock','1605 E. Fifth St. #10','Washington',NULL,NULL,NULL,NULL),(60,'6362396984','Leon Hove',NULL,NULL,NULL,'','','R'),(61,'6363903777','Sully',NULL,NULL,NULL,NULL,NULL,NULL),(62,'6362392947','Terry Buddemeyer',NULL,NULL,NULL,NULL,NULL,NULL),(63,'6362396407','Luann Haberberger',NULL,NULL,NULL,NULL,NULL,'R'),(64,'6363903346','gary dobsch80',NULL,NULL,NULL,NULL,NULL,NULL),(65,'5734863455','Robert Busking',NULL,NULL,NULL,NULL,NULL,NULL),(66,'6362393995','DONNA KUENZEL','1301 JEFFERSON',NULL,NULL,'63090',NULL,NULL),(67,'6363461888','Julie Stoyer','3 West Second Street','Washington','MO','63090','Stoyer','R'),(68,'6362284526','SHARON HOLTMEYER','6283 HWY 94S','AUGUSTA',NULL,'6332',NULL,NULL),(69,'6365840444','Ed Marquart',NULL,NULL,NULL,NULL,NULL,NULL),(70,'6362393754','sherry forget',NULL,NULL,NULL,NULL,NULL,NULL),(71,'5734596736','Lowell Kassebaum','8968 Hwy. YY','Leslie','MO','63056',NULL,NULL),(72,'6362390945','mike wood',NULL,NULL,NULL,NULL,NULL,NULL),(73,'6363904838','GINGER BRINKER','3004 THOROUBRED DR',NULL,NULL,'63090',NULL,NULL),(74,'6362393799','Dan Williams','21 Oxford','Washington',NULL,NULL,NULL,NULL),(75,'6362391913','Dale Holtmier',NULL,NULL,NULL,NULL,NULL,NULL),(76,'6362392491','CHRIS FARMER','201 JACKQUELINE DR',NULL,NULL,'63090',NULL,NULL),(77,'6362391526','Tim Matthews',NULL,NULL,NULL,'','',NULL),(78,'6362396592','TIM UNNERSTALL','701 W MAIN',NULL,NULL,'63090',NULL,NULL),(79,'6362391523','Chris Williams','721 West Third Street',NULL,NULL,NULL,NULL,NULL),(80,'6362395676','LISA HUXEL','516 WINDY HILLS DR',NULL,NULL,'63090',NULL,NULL),(81,'6362396948','LEON HOVE','128 LAKE WASHINGTON DR',NULL,NULL,'63090',NULL,NULL),(82,'6362396439','Marylou Epple','#1 Tanya',NULL,NULL,NULL,NULL,NULL),(83,'6363461171','tim',NULL,NULL,NULL,NULL,'matthews',NULL),(84,'6365834327','Jody Maune',NULL,NULL,NULL,'','Maune',NULL),(85,'6362629926','Timmy Williams',NULL,NULL,NULL,NULL,NULL,NULL),(86,'6363909277','Bobby Enkvetchakul',NULL,NULL,NULL,NULL,NULL,NULL),(87,'6362284614','Ann Struckhoff',NULL,NULL,NULL,NULL,NULL,NULL),(88,'6363904347','Sherri Schaefer','766 Wanda Leigh Lane','Washington','MO',NULL,NULL,NULL),(89,'6362396082','Kathleen Marquart',NULL,NULL,NULL,NULL,NULL,NULL),(90,'636239684','leon hove',NULL,NULL,NULL,NULL,NULL,NULL),(91,'6363681901','ROBBIE WILLIAMS','21 OXFORD',NULL,NULL,'63090',NULL,NULL),(92,'6363904702','john frietag',NULL,NULL,NULL,NULL,NULL,NULL),(93,'6363902919','annette johnson',NULL,NULL,NULL,NULL,NULL,NULL),(94,'6362398442','JULIE MASCHMANN','2334 RABBIT TRAIL DR',NULL,NULL,'63090',NULL,NULL),(95,'6362391873','Chris Lause','18 Longbranch Lane',NULL,NULL,NULL,NULL,NULL),(96,'6362390702','GARY MARQUART','2150 MEADOW OAKS LN',NULL,NULL,'63090',NULL,NULL),(97,'6362392183','Williams Brothers',NULL,NULL,NULL,NULL,NULL,NULL),(98,'6362392511','SUSAN LANGKOPF','1801 WISHWOOD DR',NULL,NULL,'63090',NULL,NULL),(99,'6363903862','Matt Kopp',NULL,NULL,NULL,NULL,NULL,NULL),(100,'6362393225','Jim Feltmann Sr.','1135 West Main','Washington','MO','63090','Feltmann',NULL),(101,'6362347209','Theresa Haynes',NULL,NULL,NULL,NULL,NULL,NULL),(102,'6362391962','Wendy Zick',NULL,NULL,NULL,NULL,NULL,NULL),(103,'6362397488','Bob Dobsch',NULL,NULL,NULL,NULL,NULL,NULL),(104,'6365833230','Michelle Cowfert',NULL,NULL,NULL,NULL,NULL,NULL),(105,'6362397346','Peggy Obermark',NULL,NULL,NULL,NULL,NULL,NULL),(106,'6362396441','steve unnerstall',NULL,NULL,NULL,NULL,NULL,NULL),(107,'6362391558','Bill Monroe',NULL,NULL,NULL,NULL,NULL,NULL),(108,'6363908499','DAN GILDEHAUS','456 CARDINAL MEADOWS DR',NULL,NULL,'63090',NULL,NULL),(109,'3142206923','Chuck Marquart',NULL,NULL,NULL,'','',NULL),(110,'6362390179','John Koch',NULL,NULL,NULL,NULL,NULL,NULL),(111,'6363145686804','Sue Williams',NULL,NULL,NULL,NULL,NULL,NULL),(112,'3147085210','Sharon Monzyk',NULL,NULL,NULL,NULL,NULL,NULL),(113,'6363902001','Dr. Chaulk',NULL,NULL,NULL,NULL,NULL,NULL),(114,'3145686804','Sue Williams','21 Oxford',NULL,NULL,NULL,NULL,NULL),(115,'6362390379','Nadine Feltmann','7 Grayson Ridge','Washington','MO','63090',NULL,NULL),(116,'6367425932','Ann Smith',NULL,NULL,NULL,NULL,NULL,NULL),(117,'3144989640','Shelby Beste','101 Jacqueline Dr.','Washington',NULL,NULL,NULL,NULL),(118,'5732373124','Norma Pecaut',NULL,NULL,NULL,NULL,NULL,NULL),(119,'6362390575','craig hellman',NULL,NULL,NULL,NULL,NULL,NULL),(120,'636','kr stump removal',NULL,NULL,NULL,NULL,NULL,NULL),(121,'6362397002','larry dawson',NULL,NULL,NULL,NULL,'dawson',NULL),(122,'6362392001','John Lochirco',NULL,NULL,NULL,NULL,NULL,NULL),(123,'6362391943','Steve Moore',NULL,NULL,NULL,NULL,NULL,NULL),(124,'6362393899','bill schuck',NULL,NULL,NULL,NULL,NULL,NULL),(125,'6362393203','Butch Droege',NULL,NULL,NULL,NULL,NULL,NULL),(126,'5732372930','KR Stump Removal',NULL,NULL,NULL,NULL,NULL,NULL),(127,'6362397671','Mark Piontek',NULL,NULL,NULL,NULL,NULL,NULL),(128,'6362391148','Amy Menard',NULL,NULL,NULL,NULL,NULL,NULL),(129,'6363902549','Doug Voss',NULL,NULL,NULL,NULL,NULL,NULL),(130,'6362392939','Joan Huxel',NULL,NULL,NULL,NULL,NULL,NULL),(131,'6365842559','Karen Young',NULL,NULL,NULL,NULL,NULL,NULL),(132,'6362395206','ginny brinker',NULL,NULL,NULL,NULL,NULL,NULL),(133,'6362394856','JUDY GLENN',NULL,NULL,NULL,NULL,NULL,NULL),(134,'6364335812','Bob Mayer',NULL,NULL,NULL,NULL,NULL,NULL),(135,'6362398445','greg',NULL,NULL,NULL,NULL,'hudson75.',NULL),(136,'6364335276','ron zigler',NULL,NULL,NULL,NULL,NULL,NULL),(137,'6367424256','Rudy Meyer',NULL,NULL,NULL,NULL,NULL,NULL),(138,'6362212369','Rich Compton',NULL,NULL,NULL,NULL,NULL,NULL),(139,'6362397831','JOE SCHNEIDER',NULL,NULL,NULL,NULL,NULL,NULL),(140,'6362392828','Sue Unnerstall',NULL,NULL,NULL,NULL,NULL,NULL),(141,'6363903895','John Walsh',NULL,NULL,NULL,NULL,NULL,NULL),(142,'6362398415','Marie Unnerstall',NULL,NULL,NULL,NULL,NULL,NULL),(143,'3146231861','Sara Boemer',NULL,NULL,NULL,NULL,NULL,NULL),(144,'6362392750','Heidi Wunderlich',NULL,NULL,NULL,NULL,NULL,NULL),(145,'6363264466','Stefan Adams','52 Hoffert Street','Union','MO','63084','Adams','R'),(146,'6363909141','sue little',NULL,NULL,NULL,NULL,NULL,NULL),(147,'6362395416','Jamie King',NULL,NULL,NULL,NULL,NULL,NULL),(148,'6363908447','Doug Warden',NULL,NULL,NULL,NULL,NULL,NULL),(149,'3148082175','Jen Gieske',NULL,NULL,NULL,NULL,NULL,NULL),(150,'6364512531','Pat Schneider',NULL,NULL,NULL,NULL,NULL,NULL),(151,'6363904308','Oscar Buesking',NULL,NULL,NULL,NULL,NULL,NULL),(152,'6362393410','BJ HILLERMANN',NULL,NULL,NULL,NULL,NULL,NULL),(153,'6366679318','Brian Boehmer',NULL,NULL,NULL,NULL,NULL,NULL),(154,'6363466987','Sam Unnerstall',NULL,NULL,NULL,NULL,NULL,NULL),(155,'6363903933','ron buescher',NULL,NULL,NULL,NULL,NULL,NULL),(156,'6363908317','Paul LaPlante',NULL,NULL,NULL,NULL,NULL,NULL),(157,'6362392990','Mike Bleckmann','1065 W 7th','Wash',NULL,NULL,NULL,NULL),(158,'3142766094','Stefan Adams','263 Wynstay Avenue','Valley Park','MO','63088','Adams','R'),(159,'3143691190','DAN BARNHART',NULL,NULL,NULL,NULL,NULL,NULL),(160,'6362399885','Mary Jo Stoyer',NULL,NULL,NULL,NULL,NULL,'I'),(161,'6362391284','Melissa Smith',NULL,NULL,NULL,NULL,NULL,NULL),(162,'6362397459','RICH ALFERMANN','2344 HOOKER','WASHINGTON',NULL,NULL,NULL,'C'),(163,'6363904100','Show Me Trophy',NULL,NULL,NULL,NULL,NULL,NULL),(164,'6363909430','Laura Lasack',NULL,NULL,NULL,NULL,NULL,NULL),(165,'6362394211','',NULL,NULL,NULL,NULL,NULL,'C'),(166,'6362395854','rob vossbrink',NULL,NULL,NULL,NULL,NULL,NULL),(167,'6362391151','joette reidy',NULL,NULL,NULL,NULL,NULL,NULL),(168,'6363903372','Mack Findiess',NULL,NULL,NULL,NULL,NULL,NULL),(169,'6362397198','Robbie Miller',NULL,NULL,NULL,NULL,'miller',NULL),(170,'6362393133','norma wesselschmidt',NULL,NULL,NULL,NULL,NULL,NULL),(171,'6363903339','Gary Zeitzmann',NULL,NULL,NULL,NULL,NULL,NULL),(172,'6362393331','BEV',NULL,NULL,NULL,NULL,NULL,NULL),(173,'6362396167','Mark Noelke',NULL,NULL,NULL,NULL,NULL,NULL),(174,'6365835274','sam kreiete',NULL,NULL,NULL,NULL,NULL,NULL),(175,'6362398498','Sherry Norvell',NULL,NULL,NULL,NULL,NULL,NULL),(176,'6362396992','Don NOrthington','',NULL,NULL,NULL,NULL,NULL),(177,'6365834099','Chuck Watson',NULL,NULL,NULL,NULL,NULL,NULL),(178,'6363909887','swarray',NULL,NULL,NULL,NULL,NULL,NULL),(179,'6367422603','Upholstry & More',NULL,NULL,NULL,NULL,NULL,NULL),(180,'6364516052','vicki folz',NULL,NULL,NULL,NULL,NULL,NULL),(181,'6362390193','Bette Nie',NULL,NULL,NULL,NULL,NULL,NULL),(182,'6362394702','peggy miller',NULL,NULL,NULL,NULL,NULL,NULL),(183,'6365833930','DOUG GLOSEMEYER',NULL,NULL,NULL,NULL,NULL,NULL),(184,'6365838527','Lisa Ennis',NULL,NULL,NULL,NULL,NULL,NULL),(185,'5734844582','ben marquart',NULL,NULL,NULL,NULL,NULL,NULL),(186,'6362393115','billy marquart',NULL,NULL,NULL,NULL,NULL,NULL),(187,'3143300492','Tim Poepsel',NULL,NULL,NULL,NULL,NULL,NULL),(188,'3144133927','Michelle Benz',NULL,NULL,NULL,NULL,'Benz','C'),(189,'3145701028','DOUG OLDS',NULL,NULL,NULL,NULL,NULL,NULL),(190,'6362397116','Red Noelker',NULL,NULL,NULL,NULL,NULL,'C'),(191,'6362394004','Dr. Jackie Miller',NULL,NULL,NULL,NULL,NULL,'R'),(192,'6362395428','Sandy Menke',NULL,NULL,NULL,NULL,NULL,NULL),(193,'6362399191','Beckie Piontek',NULL,NULL,NULL,NULL,NULL,NULL),(194,'3145174177','Vel McNeal',NULL,NULL,NULL,NULL,NULL,NULL),(195,'6363902430','Matt Tobben',NULL,NULL,NULL,NULL,NULL,NULL),(196,'6365833055','Helen Bolm',NULL,NULL,NULL,NULL,NULL,NULL),(197,'57394127','Brad zovrist',NULL,NULL,NULL,NULL,NULL,NULL),(198,'6362396263','Andrea Rau',NULL,NULL,NULL,NULL,NULL,NULL),(199,'6363582220','Gretchen Kluesner',NULL,NULL,NULL,NULL,NULL,NULL),(200,'6367423366','Jamie Ince',NULL,NULL,NULL,NULL,NULL,NULL),(201,'6363908764','heather alexander',NULL,NULL,NULL,NULL,NULL,NULL),(202,'6362397851','Joe Schneider',NULL,NULL,NULL,NULL,NULL,NULL),(203,'6366679315','stephen trentmann',NULL,NULL,NULL,NULL,NULL,NULL),(204,'6363981066','Terri Morgan',NULL,NULL,NULL,NULL,NULL,NULL),(205,'6363908295','Joe Volmert',NULL,NULL,NULL,NULL,NULL,NULL),(206,'5736941267','Brad Zobrist',NULL,NULL,NULL,NULL,NULL,NULL),(207,'6363900334','John Simmons',NULL,NULL,NULL,NULL,NULL,NULL),(208,'6365839724','Teresa Novak',NULL,NULL,NULL,NULL,NULL,NULL),(209,'6366671669','Tiffany Strauser',NULL,NULL,NULL,NULL,NULL,NULL),(210,'3145600478','Theresa Nowak',NULL,NULL,NULL,NULL,NULL,NULL),(211,'6363909348','Tia Kluesner',NULL,NULL,NULL,NULL,NULL,NULL),(212,'6362391135','Wendy Dennison','204 Hara Lane',NULL,NULL,'63090',NULL,NULL),(213,'6363590173','Andrew Feltmann',NULL,NULL,NULL,NULL,NULL,NULL),(214,'6366676998','Dan Walsh',NULL,NULL,NULL,NULL,NULL,NULL),(215,'6363908257','Doris Franke',NULL,NULL,NULL,NULL,NULL,NULL),(216,'6362394267','Steve Voss',NULL,NULL,NULL,NULL,NULL,NULL),(217,'6363903338','Renee Zeitzmann',NULL,NULL,NULL,NULL,NULL,NULL),(218,'6367425499','Scott Jopling',NULL,NULL,NULL,NULL,NULL,NULL),(219,'6367424599','Scott Jopling',NULL,NULL,NULL,NULL,NULL,NULL),(220,'6362399083','cindy mayer',NULL,NULL,NULL,NULL,NULL,NULL),(221,'3145174593','LISA TOBBEN',NULL,NULL,NULL,NULL,NULL,NULL),(222,'3145501067','Jean Bennett',NULL,NULL,NULL,NULL,NULL,NULL),(223,'6365832525','theresa oltmann',NULL,NULL,NULL,NULL,NULL,NULL),(224,'6366676453','Chris Beste',NULL,NULL,NULL,NULL,NULL,NULL),(225,'6362392281','Don Means',NULL,NULL,NULL,NULL,NULL,NULL),(226,'6362392526','',NULL,NULL,NULL,NULL,NULL,NULL),(227,'6367441044','Jay Davis',NULL,NULL,NULL,NULL,NULL,NULL),(228,'6367442540','Todd Laxton','Todd Laxton',NULL,NULL,NULL,NULL,NULL),(229,'6363909844','Blaize Warhurst',NULL,NULL,NULL,NULL,NULL,NULL),(230,'3146082020','Alex Piontek',NULL,NULL,NULL,NULL,NULL,NULL),(231,'6362394697','janet boland',NULL,NULL,NULL,NULL,'janet boland',NULL),(232,'6362393666','squeky Marquart',NULL,NULL,NULL,NULL,NULL,NULL),(233,'6362207263','Rai Feltmann',NULL,NULL,NULL,NULL,NULL,NULL),(234,'5734843284','Rosalyn Pursley',NULL,NULL,NULL,NULL,NULL,NULL),(235,'6362395556','WWC',NULL,NULL,NULL,NULL,NULL,NULL),(236,'6362281200','Justin Sincox',NULL,NULL,NULL,NULL,NULL,NULL),(237,'6362395626','Alan Rott',NULL,NULL,NULL,NULL,NULL,NULL),(238,'3145812333','Ben Zeh',NULL,NULL,NULL,NULL,NULL,NULL),(239,'6365839491','Natalie Pollock',NULL,NULL,NULL,NULL,NULL,NULL),(240,'6362393543','gordon upchurch',NULL,NULL,NULL,NULL,NULL,NULL);
UNLOCK TABLES;
/*!40000 ALTER TABLE `bidders` ENABLE KEYS */;

--
-- Table structure for table `bidhistory`
--

DROP TABLE IF EXISTS `bidhistory`;
CREATE TABLE `bidhistory` (
  `BidNum` int(11) NOT NULL auto_increment,
  `BidderID` int(11) default NULL,
  `ItemID` int(11) default NULL,
  `Amount` int(11) default NULL,
  `bhTimeStamp` timestamp NOT NULL default CURRENT_TIMESTAMP on update CURRENT_TIMESTAMP,
  PRIMARY KEY  (`BidNum`)
) ENGINE=MyISAM DEFAULT CHARSET=latin1;

--
-- Dumping data for table `bidhistory`
--


/*!40000 ALTER TABLE `bidhistory` DISABLE KEYS */;
LOCK TABLES `bidhistory` WRITE;
INSERT INTO `bidhistory` (`BidNum`, `BidderID`, `ItemID`, `Amount`, `bhTimeStamp`) VALUES (2,3,3,50,'2008-03-24 17:03:36'),(3,4,81,75,'2008-03-24 17:07:58'),(4,5,3,60,'2008-03-24 17:08:06'),(5,6,70,20,'2008-03-24 17:08:20'),(6,7,58,50,'2008-03-24 17:09:12'),(7,8,47,20,'2008-03-24 17:09:41'),(8,10,70,25,'2008-03-24 17:11:04'),(9,9,126,10,'2008-03-24 17:12:36'),(10,8,73,15,'2008-03-24 17:13:04'),(11,11,73,30,'2008-03-24 17:13:37'),(12,13,126,15,'2008-03-24 17:14:59'),(13,13,157,50,'2008-03-24 17:15:28'),(14,14,47,25,'2008-03-24 17:15:34'),(15,3,70,35,'2008-03-24 17:16:59'),(16,3,78,20,'2008-03-24 17:17:51'),(17,15,73,35,'2008-03-24 17:19:03'),(18,16,58,60,'2008-03-24 17:19:19'),(19,17,81,85,'2008-03-24 17:20:11'),(20,3,3,65,'2008-03-24 17:21:16'),(21,18,66,50,'2008-03-24 17:21:46'),(22,19,78,25,'2008-03-24 17:22:36'),(23,20,76,25,'2008-03-24 17:22:58'),(24,20,66,75,'2008-03-24 17:23:33'),(25,21,6,35,'2008-03-24 17:24:15'),(26,22,107,40,'2008-03-24 17:25:03'),(27,23,26,15,'2008-03-24 17:25:22'),(28,5,3,70,'2008-03-24 17:25:32'),(29,9,32,15,'2008-03-24 17:25:33'),(30,22,66,100,'2008-03-24 17:25:49'),(31,24,6,45,'2008-03-24 17:26:52'),(32,25,78,30,'2008-03-24 17:27:24'),(33,4,81,95,'2008-03-24 17:28:17'),(34,26,70,45,'2008-03-24 17:28:27'),(35,27,73,40,'2008-03-24 17:29:08'),(36,3,3,80,'2008-03-24 17:29:28'),(37,7,58,65,'2008-03-24 17:29:43'),(38,16,58,70,'2008-03-24 17:30:51'),(39,19,78,35,'2008-03-24 17:31:07'),(40,5,3,85,'2008-03-24 17:31:20'),(41,28,47,30,'2008-03-24 17:32:11'),(42,7,58,75,'2008-03-24 17:33:26'),(43,29,3,100,'2008-03-24 17:33:43'),(44,14,47,35,'2008-03-24 17:34:14'),(45,16,58,80,'2008-03-24 17:34:20'),(46,1,58,90,'2008-03-24 17:34:49'),(47,30,6,50,'2008-03-24 17:34:58'),(48,31,78,40,'2008-03-24 17:35:04'),(49,25,78,45,'2008-03-24 17:35:39'),(50,16,58,100,'2008-03-24 17:35:44'),(51,18,66,120,'2008-03-24 17:36:24'),(52,12,186,20,'2008-03-24 17:36:45'),(53,5,186,50,'2008-03-24 17:37:47'),(54,14,131,50,'2008-03-24 17:38:45'),(55,32,120,20,'2008-03-24 17:39:30'),(56,33,120,30,'2008-03-24 17:42:41'),(57,12,101,25,'2008-03-24 17:43:33'),(58,9,206,15,'2008-03-24 17:44:13'),(59,34,6,55,'2008-03-24 17:44:27'),(60,35,120,35,'2008-03-24 17:44:44'),(61,36,131,100,'2008-03-24 17:45:00'),(62,12,206,20,'2008-03-24 17:45:18'),(63,5,530,10,'2008-03-24 17:45:53'),(64,35,206,25,'2008-03-24 17:46:11'),(65,5,190,75,'2008-03-24 17:46:51'),(66,7,120,40,'2008-03-24 17:47:08'),(67,1,203,25,'2008-03-24 17:47:47'),(68,7,190,100,'2008-03-24 17:47:49'),(69,7,223,25,'2008-03-24 17:48:19'),(70,32,120,45,'2008-03-24 17:49:20'),(71,37,6,65,'2008-03-24 17:49:24'),(72,5,217,25,'2008-03-24 17:50:02'),(73,34,6,70,'2008-03-24 17:51:18'),(74,38,190,200,'2008-03-24 17:51:21'),(75,39,213,15,'2008-03-24 17:52:36'),(76,40,217,30,'2008-03-24 17:54:08'),(77,40,101,30,'2008-03-24 17:54:42'),(78,12,101,40,'2008-03-24 17:55:32'),(79,36,231,35,'2008-03-24 17:55:35'),(80,5,217,45,'2008-03-24 17:56:57'),(81,42,190,210,'2008-03-24 17:57:22'),(82,35,190,220,'2008-03-24 17:58:22'),(83,7,247,25,'2008-03-24 17:58:33'),(84,7,258,10,'2008-03-24 17:59:08'),(85,7,101,50,'2008-03-24 17:59:28'),(86,3,247,30,'2008-03-24 17:59:42'),(87,7,239,20,'2008-03-24 17:59:49'),(88,43,258,20,'2008-03-24 18:01:09'),(89,44,190,225,'2008-03-24 18:01:12'),(90,16,511,20,'2008-03-24 18:01:59'),(91,10,541,40,'2008-03-24 18:02:12'),(92,45,101,55,'2008-03-24 18:02:14'),(93,46,289,25,'2008-03-24 18:02:50'),(94,10,250,10,'2008-03-24 18:03:17'),(95,36,541,46,'2008-03-24 18:03:37'),(96,12,101,60,'2008-03-24 18:03:57'),(97,38,190,230,'2008-03-24 18:04:14'),(98,4,258,28,'2008-03-24 18:04:31'),(99,7,4,10,'2008-03-24 18:05:01'),(100,7,101,65,'2008-03-24 18:05:26'),(101,14,511,30,'2008-03-24 18:05:31'),(102,47,289,30,'2008-03-24 18:05:50'),(103,48,66,150,'2008-03-24 18:05:50'),(104,7,219,20,'2008-03-24 18:05:56'),(105,49,247,35,'2008-03-24 18:06:12'),(106,13,219,25,'2008-03-24 18:06:13'),(107,44,190,235,'2008-03-24 18:06:14'),(108,7,327,25,'2008-03-24 18:06:18'),(109,13,239,25,'2008-03-24 18:06:39'),(110,44,247,45,'2008-03-24 18:06:47'),(111,10,289,35,'2008-03-24 18:06:48'),(112,44,250,15,'2008-03-24 18:07:15'),(113,45,101,70,'2008-03-24 18:07:48'),(114,50,4,25,'2008-03-24 18:07:51'),(115,44,327,40,'2008-03-24 18:07:56'),(116,49,247,50,'2008-03-24 18:08:20'),(117,11,511,35,'2008-03-24 18:08:32'),(118,50,239,30,'2008-03-24 18:08:34'),(119,19,219,30,'2008-03-24 18:09:20'),(120,51,511,40,'2008-03-24 18:10:32'),(121,52,511,45,'2008-03-24 18:12:19'),(122,14,511,50,'2008-03-24 18:12:52'),(123,47,227,20,'2008-03-24 18:13:04'),(124,51,511,55,'2008-03-24 18:13:35'),(125,44,528,40,'2008-03-24 18:13:37'),(126,35,227,25,'2008-03-24 18:13:42'),(127,44,334,25,'2008-03-24 18:14:08'),(128,53,528,45,'2008-03-24 18:14:23'),(129,36,219,40,'2008-03-24 18:14:49'),(130,7,521,50,'2008-03-24 18:15:01'),(131,14,511,75,'2008-03-24 18:16:36'),(132,21,250,20,'2008-03-24 18:17:58'),(133,38,512,30,'2008-03-24 18:18:01'),(134,55,520,20,'2008-03-24 18:18:32'),(135,21,521,60,'2008-03-24 18:18:41'),(136,21,520,30,'2008-03-24 18:19:15'),(137,5,508,25,'2008-03-24 18:19:17'),(138,13,441,20,'2008-03-24 18:19:35'),(139,56,521,65,'2008-03-24 18:19:37'),(140,1,145,100,'2008-03-24 18:19:58'),(141,13,512,35,'2008-03-24 18:20:19'),(142,9,512,40,'2008-03-24 18:20:25'),(143,44,284,30,'2008-03-24 18:20:31'),(144,55,520,45,'2008-03-24 18:21:15'),(145,57,521,70,'2008-03-24 18:21:36'),(146,6,520,50,'2008-03-24 18:21:40'),(147,58,353,20,'2008-03-24 18:21:56'),(148,7,520,60,'2008-03-24 18:22:02'),(149,7,278,5,'2008-03-24 18:22:37'),(150,22,508,40,'2008-03-24 18:22:53'),(151,59,284,35,'2008-03-24 18:22:56'),(152,60,512,60,'2008-03-24 18:23:14'),(153,7,521,75,'2008-03-24 18:23:14'),(154,61,334,30,'2008-03-24 18:23:15'),(155,59,441,25,'2008-03-24 18:23:32'),(156,62,473,25,'2008-03-24 18:24:02'),(157,63,278,10,'2008-03-24 18:24:28'),(158,64,521,80,'2008-03-24 18:24:34'),(159,65,520,65,'2008-03-24 18:25:02'),(160,66,145,105,'2008-03-24 18:25:27'),(161,13,441,30,'2008-03-24 18:25:33'),(162,5,518,25,'2008-03-24 18:25:40'),(163,67,481,15,'2008-03-24 18:26:38'),(164,28,519,20,'2008-03-24 18:26:41'),(165,36,334,35,'2008-03-24 18:26:44'),(166,32,518,30,'2008-03-24 18:26:53'),(167,68,518,35,'2008-03-24 18:27:01'),(168,23,521,100,'2008-03-24 18:27:30'),(169,68,519,25,'2008-03-24 18:27:31'),(170,7,520,70,'2008-03-24 18:28:00'),(171,69,441,35,'2008-03-24 18:28:12'),(172,7,508,45,'2008-03-24 18:28:42'),(173,70,145,110,'2008-03-24 18:28:50'),(174,71,278,15,'2008-03-24 18:29:42'),(175,7,401,20,'2008-03-24 18:29:50'),(176,65,520,75,'2008-03-24 18:30:17'),(177,50,463,25,'2008-03-24 18:30:30'),(178,44,463,30,'2008-03-24 18:31:01'),(179,22,508,50,'2008-03-24 18:31:15'),(180,57,353,30,'2008-03-24 18:31:35'),(181,66,145,115,'2008-03-24 18:31:43'),(182,72,463,35,'2008-03-24 18:31:55'),(183,55,477,25,'2008-03-24 18:33:27'),(184,54,518,40,'2008-03-24 18:33:37'),(185,73,463,50,'2008-03-24 18:33:43'),(186,73,518,45,'2008-03-24 18:34:15'),(187,1,416,50,'2008-03-24 18:34:26'),(188,45,512,65,'2008-03-24 18:34:31'),(189,74,296,25,'2008-03-24 18:34:50'),(190,57,477,40,'2008-03-24 18:34:50'),(191,73,353,40,'2008-03-24 18:34:55'),(192,17,250,25,'2008-03-24 18:35:20'),(193,60,512,75,'2008-03-24 18:35:38'),(194,6,296,50,'2008-03-24 18:35:43'),(195,17,296,85,'2008-03-24 18:35:49'),(196,7,296,100,'2008-03-24 18:36:02'),(197,43,477,60,'2008-03-24 18:36:54'),(198,21,250,30,'2008-03-24 18:37:17'),(199,61,353,45,'2008-03-24 18:38:06'),(200,55,429,25,'2008-03-24 18:38:17'),(201,44,380,100,'2008-03-24 18:38:36'),(202,74,380,200,'2008-03-24 18:39:02'),(203,26,215,40,'2008-03-24 18:39:07'),(204,45,512,80,'2008-03-24 18:39:14'),(205,44,502,10,'2008-03-24 18:39:50'),(206,7,201,25,'2008-03-24 18:42:38'),(207,75,429,150,'2008-03-24 18:40:02'),(208,44,380,220,'2008-03-24 18:40:31'),(209,22,353,50,'2008-03-24 18:40:43'),(210,44,177,40,'2008-03-24 18:40:50'),(211,76,296,110,'2008-03-24 18:40:57'),(212,60,512,90,'2008-03-24 18:41:20'),(213,77,380,250,'2008-03-24 18:41:55'),(214,78,380,300,'2008-03-24 18:42:06'),(215,72,455,50,'2008-03-24 18:42:41'),(216,79,502,15,'2008-03-24 18:42:42'),(217,50,177,45,'2008-03-24 18:42:47'),(218,74,502,20,'2008-03-24 18:43:07'),(219,60,177,50,'2008-03-24 18:43:46'),(220,7,296,115,'2008-03-24 18:43:52'),(221,80,353,60,'2008-03-24 18:44:15'),(222,17,380,325,'2008-03-24 18:44:27'),(223,74,358,10,'2008-03-24 18:46:06'),(224,53,323,10,'2008-03-24 18:46:22'),(225,73,502,30,'2008-03-24 18:47:13'),(226,44,314,20,'2008-03-24 18:47:27'),(227,53,358,15,'2008-03-24 18:47:52'),(228,28,314,30,'2008-03-24 18:47:54'),(229,44,358,25,'2008-03-24 18:47:54'),(230,8,459,10,'2008-03-24 18:48:21'),(231,44,450,5,'2008-03-24 18:48:22'),(232,8,378,10,'2008-03-24 18:48:45'),(233,44,380,330,'2008-03-24 18:48:46'),(234,47,429,160,'2008-03-24 18:48:54'),(235,24,201,30,'2008-03-24 18:49:04'),(236,81,358,35,'2008-03-24 18:49:05'),(237,17,380,335,'2008-03-24 18:49:35'),(238,82,201,40,'2008-03-24 18:49:37'),(239,6,378,25,'2008-03-24 18:49:49'),(240,17,450,15,'2008-03-24 18:50:19'),(241,7,201,50,'2008-03-24 18:50:26'),(242,5,378,50,'2008-03-24 18:50:32'),(243,83,380,350,'2008-03-24 18:50:39'),(244,50,358,40,'2008-03-24 18:50:48'),(245,7,450,20,'2008-03-24 18:51:12'),(246,84,314,35,'2008-03-24 18:51:24'),(247,44,380,355,'2008-03-24 18:51:25'),(248,75,429,200,'2008-03-24 18:51:26'),(249,7,498,10,'2008-03-24 18:51:45'),(250,44,498,15,'2008-03-24 18:51:52'),(251,44,408,5,'2008-03-24 18:52:32'),(252,82,201,55,'2008-03-24 18:52:45'),(253,44,454,5,'2008-03-24 18:53:03'),(254,10,454,20,'2008-03-24 18:53:10'),(255,78,380,400,'2008-03-24 18:53:20'),(256,74,302,10,'2008-03-24 18:53:36'),(257,32,323,15,'2008-03-24 18:53:37'),(258,10,498,45,'2008-03-24 18:53:45'),(259,73,454,25,'2008-03-24 18:54:15'),(260,85,302,30,'2008-03-24 18:54:42'),(261,72,454,30,'2008-03-24 18:54:51'),(262,68,323,20,'2008-03-24 18:55:29'),(263,47,429,210,'2008-03-24 18:55:33'),(264,6,408,10,'2008-03-24 18:55:34'),(265,44,307,10,'2008-03-24 18:55:48'),(266,54,358,45,'2008-03-24 18:56:08'),(267,86,450,25,'2008-03-24 18:56:40'),(268,21,185,60,'2008-03-24 18:56:41'),(269,6,185,65,'2008-03-24 18:57:02'),(270,20,459,15,'2008-03-24 18:57:04'),(271,35,307,20,'2008-03-24 18:57:19'),(272,7,185,80,'2008-03-24 18:57:32'),(273,71,459,20,'2008-03-24 18:57:49'),(274,50,358,50,'2008-03-24 18:57:50'),(275,8,459,25,'2008-03-24 18:58:28'),(276,53,307,25,'2008-03-24 18:58:58'),(277,87,454,35,'2008-03-24 18:59:36'),(278,6,288,25,'2008-03-24 18:59:37'),(279,7,288,30,'2008-03-24 18:59:37'),(280,88,185,100,'2008-03-24 18:59:38'),(281,10,454,40,'2008-03-24 19:00:02'),(282,28,307,30,'2008-03-24 19:00:30'),(283,44,288,31,'2008-03-24 19:01:00'),(284,35,302,35,'2008-03-24 19:01:01'),(285,32,307,35,'2008-03-24 19:01:07'),(286,53,429,220,'2008-03-24 19:01:22'),(287,44,408,15,'2008-03-24 19:01:33'),(288,29,450,30,'2008-03-24 19:01:52'),(289,7,288,32,'2008-03-24 19:01:57'),(290,44,380,405,'2008-03-24 19:02:04'),(291,86,450,35,'2008-03-24 19:02:29'),(292,63,399,10,'2008-03-24 19:02:33'),(293,74,271,5,'2008-03-24 19:02:43'),(294,74,399,15,'2008-03-24 19:03:06'),(295,74,302,40,'2008-03-24 19:03:06'),(296,7,271,10,'2008-03-24 19:03:12'),(297,8,271,25,'2008-03-24 19:03:40'),(298,37,185,110,'2008-03-24 19:03:57'),(299,77,380,425,'2008-03-24 19:04:15'),(300,35,314,40,'2008-03-24 19:04:18'),(301,84,302,45,'2008-03-24 19:05:10'),(302,88,185,120,'2008-03-24 19:05:37'),(303,74,161,10,'2008-03-24 19:05:42'),(304,6,161,25,'2008-03-24 19:05:46'),(305,29,450,40,'2008-03-24 19:06:29'),(306,8,365,20,'2008-03-24 19:06:44'),(307,86,450,45,'2008-03-24 19:07:10'),(308,29,450,50,'2008-03-24 19:08:02'),(309,53,271,30,'2008-03-24 19:08:04'),(310,86,450,55,'2008-03-24 19:08:46'),(311,47,298,40,'2008-03-24 19:08:54'),(312,8,271,50,'2008-03-24 19:09:07'),(313,71,399,20,'2008-03-24 19:09:17'),(314,89,298,50,'2008-03-24 19:09:27'),(315,8,361,10,'2008-03-24 19:09:37'),(316,60,298,60,'2008-03-24 19:10:23'),(317,29,450,60,'2008-03-24 19:10:31'),(318,60,161,30,'2008-03-24 19:10:50'),(319,30,185,125,'2008-03-24 19:11:08'),(320,86,450,65,'2008-03-24 19:11:22'),(321,88,185,135,'2008-03-24 19:12:21'),(322,78,380,450,'2008-03-24 19:12:26'),(323,91,116,5,'2008-03-24 19:12:46'),(324,92,429,250,'2008-03-24 19:12:56'),(325,17,380,460,'2008-03-24 19:13:05'),(326,29,450,70,'2008-03-24 19:13:24'),(327,91,306,30,'2008-03-24 19:13:25'),(328,61,420,50,'2008-03-24 19:13:26'),(329,40,361,25,'2008-03-24 19:13:27'),(330,21,306,100,'2008-03-24 19:13:46'),(331,75,18,10,'2008-03-24 19:13:54'),(332,86,450,75,'2008-03-24 19:14:16'),(333,14,271,60,'2008-03-24 19:14:28'),(334,78,380,500,'2008-03-24 19:15:01'),(335,71,306,145,'2008-03-24 19:15:08'),(336,14,420,60,'2008-03-24 19:15:19'),(337,93,361,30,'2008-03-24 19:15:27'),(338,77,18,20,'2008-03-24 19:16:05'),(339,7,116,10,'2008-03-24 19:16:07'),(340,54,307,40,'2008-03-24 19:16:14'),(341,21,306,160,'2008-03-24 19:16:35'),(342,12,298,65,'2008-03-24 19:17:19'),(343,94,306,165,'2008-03-24 19:17:38'),(344,89,361,35,'2008-03-24 19:17:42'),(345,53,429,275,'2008-03-24 19:17:46'),(346,47,113,10,'2008-03-24 19:18:17'),(347,95,306,175,'2008-03-24 19:18:39'),(348,96,298,75,'2008-03-24 19:19:01'),(349,94,306,185,'2008-03-24 19:19:37'),(350,61,420,65,'2008-03-24 19:19:48'),(351,12,298,80,'2008-03-24 19:20:33'),(352,40,361,40,'2008-03-24 19:20:34'),(353,8,371,15,'2008-03-24 19:20:41'),(354,92,429,300,'2008-03-24 19:21:04'),(355,7,167,50,'2008-03-24 19:21:10'),(356,79,371,20,'2008-03-24 19:21:22'),(357,96,298,85,'2008-03-24 19:21:36'),(358,5,371,30,'2008-03-24 19:21:37'),(359,6,243,20,'2008-03-24 19:21:44'),(360,50,243,25,'2008-03-24 19:22:30'),(361,8,371,40,'2008-03-24 19:22:31'),(362,7,92,5,'2008-03-24 19:22:40'),(363,6,167,60,'2008-03-24 19:22:50'),(364,89,361,45,'2008-03-24 19:23:25'),(365,7,92,10,'2008-03-24 19:23:26'),(366,59,243,30,'2008-03-24 19:23:29'),(367,84,371,45,'2008-03-24 19:23:59'),(368,44,354,5,'2008-03-24 19:24:23'),(369,8,347,20,'2008-03-24 19:24:28'),(370,97,354,25,'2008-03-24 19:24:36'),(371,53,429,305,'2008-03-24 19:25:06'),(372,44,380,505,'2008-03-24 19:25:27'),(373,60,234,50,'2008-03-24 19:25:42'),(374,98,113,20,'2008-03-24 19:26:01'),(375,30,167,70,'2008-03-24 19:26:11'),(376,98,204,15,'2008-03-24 19:26:29'),(377,7,204,20,'2008-03-24 19:26:56'),(378,8,371,50,'2008-03-24 19:28:02'),(379,98,204,25,'2008-03-24 19:28:12'),(380,92,429,315,'2008-03-24 19:28:41'),(381,93,420,70,'2008-03-24 19:28:54'),(382,99,116,15,'2008-03-24 19:29:39'),(383,100,347,25,'2008-03-24 19:29:55'),(384,101,437,20,'2008-03-24 19:31:13'),(385,5,397,45,'2008-03-24 19:31:31'),(386,17,397,50,'2008-03-24 19:31:55'),(387,98,437,40,'2008-03-24 19:32:04'),(388,102,437,50,'2008-03-24 19:32:11'),(389,88,437,60,'2008-03-24 19:32:38'),(390,103,437,75,'2008-03-24 19:33:14'),(391,88,347,30,'2008-03-24 19:33:45'),(392,100,347,35,'2008-03-24 19:34:11'),(393,7,110,50,'2008-03-24 19:34:21'),(394,26,437,80,'2008-03-24 19:34:23'),(395,7,339,25,'2008-03-24 19:34:49'),(396,5,384,30,'2008-03-24 19:34:58'),(397,82,347,40,'2008-03-24 19:35:22'),(398,29,339,50,'2008-03-24 19:35:32'),(399,105,437,85,'2008-03-24 19:36:20'),(400,44,339,70,'2008-03-24 19:36:29'),(401,72,339,75,'2008-03-24 19:37:06'),(402,44,197,50,'2008-03-24 19:37:14'),(403,5,174,35,'2008-03-24 19:37:20'),(404,106,437,90,'2008-03-24 19:37:20'),(405,103,437,105,'2008-03-24 19:37:54'),(406,7,197,55,'2008-03-24 19:38:25'),(407,10,489,15,'2008-03-24 19:38:32'),(408,107,339,80,'2008-03-24 19:38:48'),(409,10,494,15,'2008-03-24 19:38:51'),(410,50,489,20,'2008-03-24 19:38:53'),(411,7,489,25,'2008-03-24 19:39:09'),(412,50,494,20,'2008-03-24 19:39:15'),(413,14,397,53,'2008-03-24 19:39:55'),(414,108,361,50,'2008-03-24 19:40:00'),(415,19,331,45,'2008-03-24 19:40:28'),(416,89,361,55,'2008-03-24 19:41:22'),(417,109,380,510,'2008-03-24 19:41:25'),(418,61,494,25,'2008-03-24 19:41:33'),(419,36,489,35,'2008-03-24 19:42:38'),(420,108,361,60,'2008-03-24 19:42:56'),(421,57,197,60,'2008-03-24 19:43:54'),(422,103,331,55,'2008-03-24 19:43:55'),(423,32,59,20,'2008-03-24 19:44:36'),(424,72,469,70,'2008-03-24 19:44:43'),(425,61,331,60,'2008-03-24 19:44:45'),(426,93,59,30,'2008-03-24 19:44:57'),(427,21,469,75,'2008-03-24 19:45:22'),(428,93,494,30,'2008-03-24 19:45:29'),(429,44,165,20,'2008-03-24 19:45:47'),(430,7,175,10,'2008-03-24 19:46:03'),(431,44,51,40,'2008-03-24 19:46:12'),(432,44,469,80,'2008-03-24 19:46:45'),(433,103,322,40,'2008-03-24 19:46:47'),(434,103,165,35,'2008-03-24 19:47:15'),(435,44,110,55,'2008-03-24 19:47:17'),(436,57,331,65,'2008-03-24 19:47:30'),(437,89,361,65,'2008-03-24 19:47:59'),(438,94,322,45,'2008-03-24 19:48:20'),(439,53,51,60,'2008-03-24 19:48:25'),(440,7,110,60,'2008-03-24 19:48:39'),(441,110,51,80,'2008-03-24 19:48:50'),(442,5,51,85,'2008-03-24 19:49:33'),(443,68,175,20,'2008-03-24 19:49:36'),(444,88,175,30,'2008-03-24 19:49:55'),(445,6,110,80,'2008-03-24 19:50:24'),(446,71,175,50,'2008-03-24 19:51:13'),(447,110,51,100,'2008-03-24 19:51:27'),(448,103,175,55,'2008-03-24 19:51:37'),(449,71,110,100,'2008-03-24 19:51:49'),(450,7,175,60,'2008-03-24 19:51:58'),(451,72,175,75,'2008-03-24 19:52:20'),(452,23,494,35,'2008-03-24 19:53:26'),(453,40,36,20,'2008-03-24 19:53:53'),(454,7,139,50,'2008-03-24 19:54:01'),(455,32,59,35,'2008-03-24 19:54:40'),(456,61,400,50,'2008-03-24 19:54:44'),(457,99,139,60,'2008-03-24 19:54:52'),(458,32,125,10,'2008-03-24 19:55:12'),(459,50,400,55,'2008-03-24 19:55:16'),(460,111,125,15,'2008-03-24 19:55:41'),(461,6,139,80,'2008-03-24 19:55:47'),(462,22,125,20,'2008-03-24 19:56:21'),(463,35,165,40,'2008-03-24 19:57:30'),(464,112,855,25,'2008-03-24 19:57:40'),(465,111,30,20,'2008-03-24 19:57:55'),(466,103,400,65,'2008-03-24 19:57:56'),(467,107,30,25,'2008-03-24 19:58:29'),(468,35,273,5,'2008-03-24 19:58:41'),(469,113,400,70,'2008-03-24 19:59:11'),(470,99,30,30,'2008-03-24 19:59:21'),(471,113,125,25,'2008-03-24 19:59:49'),(472,103,400,75,'2008-03-24 20:00:43'),(473,88,294,100,'2008-03-24 20:01:52'),(474,47,125,26,'2008-03-24 20:02:43'),(475,35,294,105,'2008-03-24 20:03:00'),(476,26,294,115,'2008-03-24 20:04:39'),(477,32,171,10,'2008-03-24 20:04:40'),(478,88,294,125,'2008-03-24 20:05:01'),(479,12,10,25,'2008-03-24 20:05:06'),(480,114,10,40,'2008-03-24 20:05:15'),(481,50,171,25,'2008-03-24 20:05:30'),(482,62,171,35,'2008-03-24 20:05:45'),(483,110,110,110,'2008-03-24 20:05:54'),(484,103,10,45,'2008-03-24 20:06:00'),(485,103,294,130,'2008-03-24 20:06:38'),(486,114,10,50,'2008-03-24 20:08:23'),(487,113,125,30,'2008-03-24 20:08:30'),(488,12,311,25,'2008-03-24 20:09:22'),(489,43,147,10,'2008-03-24 20:10:24'),(490,39,147,15,'2008-03-24 20:10:31'),(491,22,294,140,'2008-03-24 20:10:38'),(492,93,147,32,'2008-03-24 20:11:03'),(493,67,311,35,'2008-03-24 20:11:03'),(494,44,263,10,'2008-03-24 20:11:37'),(495,22,311,40,'2008-03-24 20:12:11'),(496,103,311,45,'2008-03-24 20:12:26'),(497,103,263,25,'2008-03-24 20:13:02'),(498,24,10,55,'2008-03-24 20:13:18'),(499,6,43,10,'2008-03-24 20:13:23'),(500,99,365,25,'2008-03-24 20:14:09'),(501,109,151,50,'2008-03-24 20:14:12'),(502,9,175,80,'2008-03-24 20:14:13'),(503,77,151,75,'2008-03-24 20:14:23'),(504,3,151,100,'2008-03-24 20:15:03'),(505,91,134,15,'2008-03-24 20:15:20'),(506,17,365,30,'2008-03-24 20:16:08'),(507,5,151,150,'2008-03-24 20:16:36'),(508,61,263,30,'2008-03-24 20:16:55'),(509,68,273,10,'2008-03-24 20:17:25'),(510,99,365,35,'2008-03-24 20:17:30'),(511,7,22,15,'2008-03-24 20:17:36'),(512,99,151,160,'2008-03-24 20:17:58'),(513,77,14,20,'2008-03-24 20:18:10'),(514,99,14,21,'2008-03-24 20:18:48'),(515,103,263,40,'2008-03-24 20:18:57'),(516,53,43,15,'2008-03-24 20:19:22'),(517,17,365,40,'2008-03-24 20:19:29'),(518,74,54,15,'2008-03-24 20:20:07'),(519,5,43,20,'2008-03-24 20:20:17'),(520,47,263,45,'2008-03-24 20:20:20'),(521,99,365,45,'2008-03-24 20:20:35'),(522,77,14,25,'2008-03-24 20:20:58'),(523,6,134,20,'2008-03-24 20:21:12'),(524,13,134,25,'2008-03-24 20:21:39'),(525,13,54,20,'2008-03-24 20:22:01'),(526,115,168,25,'2008-03-24 20:22:20'),(527,93,168,100,'2008-03-24 20:22:25'),(528,113,43,25,'2008-03-24 20:23:00'),(529,113,102,10,'2008-03-24 20:23:18'),(530,54,36,25,'2008-03-24 20:24:12'),(531,116,168,110,'2008-03-24 20:24:33'),(532,47,269,5,'2008-03-24 20:25:39'),(533,91,88,15,'2008-03-24 20:25:58'),(534,45,88,25,'2008-03-24 20:26:58'),(535,53,151,170,'2008-03-24 20:27:25'),(536,99,151,175,'2008-03-24 20:28:46'),(537,94,88,30,'2008-03-24 20:29:41'),(538,43,273,15,'2008-03-24 20:29:59'),(539,1,263,50,'2008-03-24 20:30:27'),(540,43,269,10,'2008-03-24 20:30:31'),(541,47,269,15,'2008-03-24 20:32:03'),(542,53,269,20,'2008-03-24 20:32:44'),(543,39,10,60,'2008-03-24 20:33:18'),(544,61,292,40,'2008-03-24 20:33:18'),(545,94,292,45,'2008-03-24 20:33:35'),(546,99,285,30,'2008-03-24 20:33:42'),(547,5,292,55,'2008-03-24 20:33:43'),(548,94,269,25,'2008-03-24 20:33:57'),(549,17,285,32,'2008-03-24 20:34:06'),(550,94,292,60,'2008-03-24 20:34:21'),(551,58,102,20,'2008-03-24 20:35:08'),(552,61,292,65,'2008-03-24 20:35:08'),(553,5,292,75,'2008-03-24 20:35:19'),(554,117,102,25,'2008-03-24 20:36:28'),(555,109,269,30,'2008-03-24 20:36:31'),(556,24,10,65,'2008-03-24 20:36:34'),(557,99,285,33,'2008-03-24 20:36:40'),(558,109,292,80,'2008-03-24 20:36:58'),(559,39,10,75,'2008-03-24 20:38:23'),(560,118,102,30,'2008-03-24 20:39:08'),(561,119,270,15,'2008-03-25 17:04:13'),(562,120,280,15,'2008-03-25 17:06:40'),(563,122,191,150,'2008-03-25 17:08:08'),(564,119,236,25,'2008-03-25 17:08:59'),(565,50,236,30,'2008-03-25 17:09:20'),(566,50,240,20,'2008-03-25 17:09:48'),(567,13,158,20,'2008-03-25 17:09:58'),(568,13,236,35,'2008-03-25 17:10:33'),(569,119,166,30,'2008-03-25 17:10:53'),(570,7,198,75,'2008-03-25 17:11:12'),(571,119,236,40,'2008-03-25 17:11:18'),(572,10,256,25,'2008-03-25 17:11:24'),(573,25,236,45,'2008-03-25 17:11:49'),(574,123,256,30,'2008-03-25 17:12:51'),(575,68,191,175,'2008-03-25 17:13:22'),(576,121,198,100,'2008-03-25 17:13:25'),(577,124,240,30,'2008-03-25 17:13:33'),(578,125,236,55,'2008-03-25 17:13:57'),(579,61,132,50,'2008-03-25 17:14:05'),(580,119,158,25,'2008-03-25 17:14:10'),(581,26,256,40,'2008-03-25 17:14:11'),(582,74,211,15,'2008-03-25 17:15:07'),(583,50,191,200,'2008-03-25 17:15:10'),(584,82,132,55,'2008-03-25 17:15:50'),(585,126,176,20,'2008-03-25 17:16:13'),(586,17,254,15,'2008-03-25 17:16:54'),(587,127,166,40,'2008-03-25 17:16:54'),(588,32,274,20,'2008-03-25 17:16:58'),(589,124,218,20,'2008-03-25 17:17:09'),(590,119,166,45,'2008-03-25 17:17:53'),(591,127,166,50,'2008-03-25 17:18:18'),(592,121,166,65,'2008-03-25 17:18:30'),(593,128,224,25,'2008-03-25 17:18:31'),(594,125,166,105,'2008-03-25 17:18:52'),(595,106,198,120,'2008-03-25 17:19:29'),(596,52,211,20,'2008-03-25 17:19:59'),(597,13,158,30,'2008-03-25 17:21:01'),(598,121,198,150,'2008-03-25 17:21:20'),(599,124,140,25,'2008-03-25 17:22:33'),(600,129,122,10,'2008-03-25 17:23:03'),(601,68,132,65,'2008-03-25 17:23:18'),(602,131,127,10,'2008-03-25 17:23:44'),(603,131,274,30,'2008-03-25 17:24:06'),(604,130,132,75,'2008-03-25 17:24:09'),(605,14,187,25,'2008-03-25 17:24:20'),(606,126,187,30,'2008-03-25 17:25:08'),(607,119,183,15,'2008-03-25 17:25:10'),(608,39,211,25,'2008-03-25 17:25:15'),(609,128,135,15,'2008-03-25 17:27:01'),(610,10,183,50,'2008-03-25 17:27:19'),(611,94,172,20,'2008-03-25 17:27:26'),(612,133,135,25,'2008-03-25 17:27:34'),(613,10,172,25,'2008-03-25 17:27:50'),(614,61,132,80,'2008-03-25 17:27:52'),(615,13,135,30,'2008-03-25 17:28:00'),(616,10,187,35,'2008-03-25 17:28:10'),(617,74,140,30,'2008-03-25 17:28:18'),(618,13,172,30,'2008-03-25 17:28:34'),(619,126,224,30,'2008-03-25 17:28:35'),(620,107,132,90,'2008-03-25 17:28:53'),(621,52,211,30,'2008-03-25 17:29:20'),(622,29,183,60,'2008-03-25 17:29:28'),(623,113,187,45,'2008-03-25 17:29:43'),(624,10,122,20,'2008-03-25 17:29:50'),(625,132,132,100,'2008-03-25 17:30:13'),(626,68,122,30,'2008-03-25 17:30:18'),(627,134,130,50,'2008-03-25 17:30:28'),(628,17,218,25,'2008-03-25 17:30:47'),(629,20,122,35,'2008-03-25 17:30:48'),(630,39,211,35,'2008-03-25 17:30:57'),(631,11,187,50,'2008-03-25 17:31:05'),(632,52,211,40,'2008-03-25 17:31:40'),(633,135,183,75,'2008-03-25 17:32:34'),(634,109,176,30,'2008-03-25 17:32:40'),(635,124,218,30,'2008-03-25 17:33:09'),(636,113,187,55,'2008-03-25 17:33:27'),(637,61,132,110,'2008-03-25 17:33:49'),(638,20,127,17,'2008-03-25 17:33:51'),(639,68,122,40,'2008-03-25 17:34:49'),(640,17,218,40,'2008-03-25 17:35:01'),(641,122,183,85,'2008-03-25 17:35:30'),(642,78,224,50,'2008-03-25 17:35:43'),(643,136,132,135,'2008-03-25 17:35:59'),(644,136,198,170,'2008-03-25 17:36:39'),(645,137,224,60,'2008-03-25 17:36:41'),(646,136,183,105,'2008-03-25 17:37:17'),(647,126,224,65,'2008-03-25 17:37:24'),(648,136,218,50,'2008-03-25 17:37:45'),(649,107,132,145,'2008-03-25 17:38:11'),(650,138,254,20,'2008-03-25 17:38:12'),(651,137,224,80,'2008-03-25 17:39:10'),(652,127,77,50,'2008-03-25 17:39:51'),(653,47,130,60,'2008-03-25 17:40:19'),(654,139,172,35,'2008-03-25 17:40:29'),(655,109,77,75,'2008-03-25 17:40:38'),(656,140,132,150,'2008-03-25 17:40:50'),(657,54,274,35,'2008-03-25 17:41:15'),(658,7,52,20,'2008-03-25 17:41:32'),(659,141,77,125,'2008-03-25 17:42:12'),(660,7,140,35,'2008-03-25 17:42:30'),(661,109,77,150,'2008-03-25 17:43:01'),(662,7,61,20,'2008-03-25 17:43:06'),(663,119,108,100,'2008-03-25 17:43:14'),(664,13,55,10,'2008-03-25 17:44:01'),(665,142,224,90,'2008-03-25 17:44:06'),(666,74,55,15,'2008-03-25 17:44:29'),(667,13,89,10,'2008-03-25 17:44:32'),(668,20,108,120,'2008-03-25 17:44:45'),(669,70,856,15,'2008-03-25 17:44:46'),(670,124,104,30,'2008-03-25 17:44:56'),(671,20,83,100,'2008-03-25 17:45:09'),(672,13,55,20,'2008-03-25 17:45:22'),(673,10,52,30,'2008-03-25 17:45:49'),(674,125,89,25,'2008-03-25 17:45:52'),(675,143,61,50,'2008-03-25 17:46:00'),(676,94,77,160,'2008-03-25 17:46:06'),(677,74,140,40,'2008-03-25 17:46:07'),(678,119,108,130,'2008-03-25 17:46:46'),(679,144,104,50,'2008-03-25 17:46:48'),(680,10,89,30,'2008-03-25 17:46:52'),(681,137,224,105,'2008-03-25 17:46:52'),(682,14,77,180,'2008-03-25 17:46:59'),(683,119,44,30,'2008-03-25 17:47:11'),(684,26,52,40,'2008-03-25 17:47:32'),(685,74,23,10,'2008-03-25 17:47:37'),(686,145,104,60,'2008-03-25 17:47:53'),(687,17,83,150,'2008-03-25 17:48:00'),(688,125,44,55,'2008-03-25 17:48:24'),(689,17,61,100,'2008-03-25 17:48:30'),(690,94,77,190,'2008-03-25 17:49:22'),(691,125,61,125,'2008-03-25 17:49:48'),(692,142,130,80,'2008-03-25 17:49:55'),(693,109,48,20,'2008-03-25 17:50:15'),(694,142,224,120,'2008-03-25 17:50:20'),(695,147,856,20,'2008-03-25 17:50:38'),(696,142,52,45,'2008-03-25 17:50:49'),(697,14,77,200,'2008-03-25 17:51:29'),(698,137,224,135,'2008-03-25 17:51:43'),(699,20,83,155,'2008-03-25 17:52:22'),(700,122,83,160,'2008-03-25 17:52:43'),(701,20,108,135,'2008-03-25 17:52:46'),(702,129,41,10,'2008-03-25 17:53:50'),(703,119,41,20,'2008-03-25 17:53:53'),(704,128,41,35,'2008-03-25 17:53:59'),(705,119,108,140,'2008-03-25 17:54:18'),(706,94,77,210,'2008-03-25 17:54:53'),(707,142,224,160,'2008-03-25 17:55:26'),(708,148,83,165,'2008-03-25 17:55:36'),(709,119,359,25,'2008-03-25 17:56:33'),(710,25,359,30,'2008-03-25 17:57:24'),(711,17,83,170,'2008-03-25 17:57:34'),(712,14,77,220,'2008-03-25 17:58:11'),(713,126,359,35,'2008-03-25 17:59:02'),(714,122,11,25,'2008-03-25 17:59:16'),(715,112,11,40,'2008-03-25 17:59:25'),(716,124,483,180,'2008-03-25 17:59:41'),(717,122,152,20,'2008-03-25 18:00:04'),(718,122,11,50,'2008-03-25 18:00:29'),(719,25,359,40,'2008-03-25 18:01:11'),(720,40,152,25,'2008-03-25 18:01:17'),(721,133,359,45,'2008-03-25 18:01:21'),(722,10,48,25,'2008-03-25 18:01:49'),(723,94,77,230,'2008-03-25 18:02:22'),(724,124,359,50,'2008-03-25 18:02:32'),(725,148,83,175,'2008-03-25 18:02:48'),(726,53,483,190,'2008-03-25 18:03:02'),(727,30,152,50,'2008-03-25 18:03:49'),(728,20,108,145,'2008-03-25 18:03:50'),(729,150,359,55,'2008-03-25 18:03:56'),(730,20,115,10,'2008-03-25 18:04:15'),(731,151,61,150,'2008-03-25 18:04:22'),(732,68,41,40,'2008-03-25 18:04:45'),(733,152,19,15,'2008-03-25 18:05:15'),(734,74,410,10,'2008-03-25 18:05:33'),(735,17,410,20,'2008-03-25 18:05:40'),(736,17,509,50,'2008-03-25 18:06:05'),(737,57,410,25,'2008-03-25 18:06:21'),(738,25,537,20,'2008-03-25 18:06:24'),(739,119,108,150,'2008-03-25 18:06:32'),(740,7,509,55,'2008-03-25 18:06:56'),(741,153,509,60,'2008-03-25 18:07:08'),(742,7,540,25,'2008-03-25 18:07:33'),(743,128,544,20,'2008-03-25 18:07:40'),(744,7,509,65,'2008-03-25 18:07:56'),(745,144,509,100,'2008-03-25 18:08:38'),(746,7,108,160,'2008-03-25 18:08:39'),(747,7,509,105,'2008-03-25 18:09:04'),(748,149,19,20,'2008-03-25 18:09:28'),(749,7,395,5,'2008-03-25 18:09:29'),(750,154,410,35,'2008-03-25 18:10:09'),(751,44,67,5,'2008-03-25 18:10:19'),(752,109,537,30,'2008-03-25 18:11:03'),(753,25,540,30,'2008-03-25 18:11:50'),(754,155,537,35,'2008-03-25 18:12:04'),(755,119,108,165,'2008-03-25 18:12:08'),(756,144,509,120,'2008-03-25 18:14:18'),(757,36,540,45,'2008-03-25 18:14:27'),(758,5,379,50,'2008-03-25 18:15:04'),(759,20,86,20,'2008-03-25 18:15:18'),(760,99,152,55,'2008-03-25 18:15:20'),(761,148,544,25,'2008-03-25 18:15:24'),(762,156,537,40,'2008-03-25 18:15:26'),(763,7,108,170,'2008-03-25 18:15:50'),(764,44,86,25,'2008-03-25 18:15:58'),(765,115,537,45,'2008-03-25 18:16:12'),(766,73,503,25,'2008-03-25 18:16:16'),(767,128,395,10,'2008-03-25 18:16:49'),(768,141,531,5,'2008-03-25 18:16:51'),(769,119,108,175,'2008-03-25 18:17:21'),(770,17,410,40,'2008-03-25 18:17:37'),(771,157,11,55,'2008-03-25 18:19:01'),(772,20,11,60,'2008-03-25 18:19:41'),(773,7,108,180,'2008-03-25 18:19:58'),(774,20,86,30,'2008-03-25 18:20:04'),(775,28,67,10,'2008-03-25 18:20:09'),(776,157,11,65,'2008-03-25 18:21:07'),(777,30,152,70,'2008-03-25 18:21:39'),(778,25,499,25,'2008-03-25 18:23:07'),(779,156,499,45,'2008-03-25 18:23:12'),(780,13,506,25,'2008-03-25 18:24:19'),(781,99,152,75,'2008-03-25 18:24:30'),(782,50,490,25,'2008-03-25 18:24:58'),(783,17,506,45,'2008-03-25 18:25:04'),(784,130,531,10,'2008-03-25 18:26:25'),(785,25,315,20,'2008-03-25 18:27:04'),(786,158,262,25,'2008-03-25 18:27:10'),(787,21,262,75,'2008-03-25 18:27:49'),(788,13,490,30,'2008-03-25 18:28:29'),(789,122,513,10,'2008-03-25 18:28:45'),(790,44,464,25,'2008-03-25 18:28:46'),(791,119,513,15,'2008-03-25 18:29:13'),(792,44,495,20,'2008-03-25 18:29:17'),(793,119,108,185,'2008-03-25 18:29:29'),(794,21,265,75,'2008-03-25 18:29:46'),(795,119,464,30,'2008-03-25 18:30:02'),(796,141,7,20,'2008-03-25 18:30:21'),(797,159,315,25,'2008-03-25 18:30:21'),(798,74,460,10,'2008-03-25 18:30:31'),(799,73,464,50,'2008-03-25 18:30:35'),(800,10,495,30,'2008-03-25 18:31:12'),(801,6,486,10,'2008-03-25 18:31:25'),(802,50,495,35,'2008-03-25 18:32:00'),(803,7,108,190,'2008-03-25 18:32:01'),(804,131,513,20,'2008-03-25 18:32:39'),(805,68,466,5,'2008-03-25 18:32:43'),(806,126,67,15,'2008-03-25 18:33:05'),(807,155,7,40,'2008-03-25 18:33:11'),(808,119,108,195,'2008-03-25 18:33:19'),(809,43,67,20,'2008-03-25 18:33:52'),(810,158,262,80,'2008-03-25 18:34:03'),(811,124,513,25,'2008-03-25 18:34:11'),(812,7,108,200,'2008-03-25 18:34:16'),(813,7,262,85,'2008-03-25 18:34:37'),(814,121,456,25,'2008-03-25 18:34:56'),(815,119,108,205,'2008-03-25 18:35:15'),(816,119,513,30,'2008-03-25 18:36:11'),(817,70,486,15,'2008-03-25 18:36:13'),(818,121,482,15,'2008-03-25 18:36:35'),(819,141,531,15,'2008-03-25 18:36:45'),(820,127,439,50,'2008-03-25 18:37:34'),(821,148,108,210,'2008-03-25 18:37:45'),(822,25,432,15,'2008-03-25 18:37:46'),(823,28,63,40,'2008-03-25 18:38:07'),(824,68,432,20,'2008-03-25 18:38:22'),(825,39,63,45,'2008-03-25 18:38:35'),(826,54,486,20,'2008-03-25 18:38:57'),(827,10,432,25,'2008-03-25 18:39:14'),(828,159,63,59,'2008-03-25 18:39:19'),(829,119,108,215,'2008-03-25 18:39:21'),(830,4,436,35,'2008-03-25 18:39:53'),(831,68,432,30,'2008-03-25 18:40:15'),(832,161,265,80,'2008-03-25 18:40:30'),(833,68,409,15,'2008-03-25 18:40:35'),(834,44,228,5,'2008-03-25 18:40:36'),(835,59,432,35,'2008-03-25 18:40:47'),(836,122,409,25,'2008-03-25 18:41:13'),(837,5,409,45,'2008-03-25 18:41:25'),(838,21,265,90,'2008-03-25 18:41:29'),(839,148,108,220,'2008-03-25 18:41:30'),(840,44,492,100,'2008-03-25 18:41:39'),(841,122,492,105,'2008-03-25 18:42:16'),(842,98,492,110,'2008-03-25 18:42:20'),(843,161,265,100,'2008-03-25 18:42:33'),(844,119,108,225,'2008-03-25 18:42:39'),(845,68,409,50,'2008-03-25 18:43:21'),(846,20,466,10,'2008-03-25 18:43:33'),(847,159,436,40,'2008-03-25 18:43:44'),(848,47,228,15,'2008-03-25 18:44:07'),(849,119,474,35,'2008-03-25 18:44:21'),(850,126,482,20,'2008-03-25 18:44:34'),(851,159,492,125,'2008-03-25 18:44:41'),(852,106,474,90,'2008-03-25 18:45:26'),(853,148,108,230,'2008-03-25 18:45:28'),(854,114,335,15,'2008-03-25 18:45:57'),(855,163,228,20,'2008-03-25 18:46:16'),(856,24,7,45,'2008-03-25 18:46:49'),(857,158,262,100,'2008-03-25 18:46:52'),(858,98,474,100,'2008-03-25 18:46:52'),(859,25,478,10,'2008-03-25 18:47:11'),(860,25,299,15,'2008-03-25 18:47:52'),(861,160,299,30,'2008-03-25 18:47:57'),(862,44,478,15,'2008-03-25 18:48:03'),(863,155,7,60,'2008-03-25 18:48:07'),(864,5,478,20,'2008-03-25 18:48:16'),(865,25,251,10,'2008-03-25 18:48:19'),(866,119,251,15,'2008-03-25 18:48:47'),(867,149,7,65,'2008-03-25 18:49:13'),(868,25,251,20,'2008-03-25 18:49:17'),(869,22,265,105,'2008-03-25 18:50:13'),(870,21,265,125,'2008-03-25 18:50:17'),(871,164,265,130,'2008-03-25 18:50:59'),(872,28,356,50,'2008-03-25 18:51:07'),(873,161,265,135,'2008-03-25 18:51:18'),(874,19,446,25,'2008-03-25 18:51:33'),(875,165,446,30,'2008-03-25 18:51:57'),(876,109,426,15,'2008-03-25 18:51:59'),(877,10,426,20,'2008-03-25 18:52:07'),(878,25,446,35,'2008-03-25 18:52:16'),(879,10,446,40,'2008-03-25 18:52:27'),(880,59,466,25,'2008-03-25 18:52:46'),(881,109,448,25,'2008-03-25 18:52:56'),(882,155,7,75,'2008-03-25 18:53:03'),(883,70,448,30,'2008-03-25 18:53:17'),(884,166,356,60,'2008-03-25 18:53:24'),(885,167,448,35,'2008-03-25 18:53:39'),(886,44,387,10,'2008-03-25 18:53:54'),(887,119,448,40,'2008-03-25 18:54:04'),(888,44,33,5,'2008-03-25 18:54:26'),(889,50,383,15,'2008-03-25 18:54:46'),(890,149,7,80,'2008-03-25 18:54:48'),(891,168,448,45,'2008-03-25 18:54:52'),(892,44,383,20,'2008-03-25 18:55:13'),(893,119,448,50,'2008-03-25 18:55:28'),(894,98,383,25,'2008-03-25 18:56:12'),(895,122,421,10,'2008-03-25 18:56:21'),(896,122,443,20,'2008-03-25 18:56:42'),(897,43,421,15,'2008-03-25 18:56:55'),(898,17,372,30,'2008-03-25 18:57:01'),(899,17,443,25,'2008-03-25 18:57:23'),(900,5,443,40,'2008-03-25 18:57:31'),(901,72,356,65,'2008-03-25 18:57:36'),(902,20,387,15,'2008-03-25 18:58:36'),(903,169,443,50,'2008-03-25 18:58:39'),(904,170,356,70,'2008-03-25 18:58:52'),(905,171,251,25,'2008-03-25 18:59:04'),(906,20,466,30,'2008-03-25 18:59:06'),(907,172,383,30,'2008-03-25 18:59:27'),(908,25,426,25,'2008-03-25 18:59:57'),(909,155,446,45,'2008-03-25 19:01:13'),(910,17,202,500,'2008-03-25 19:02:14'),(911,77,202,550,'2008-03-25 19:02:39'),(912,25,162,20,'2008-03-25 19:03:09'),(913,44,202,555,'2008-03-25 19:03:37'),(914,141,202,575,'2008-03-25 19:04:01'),(915,59,466,35,'2008-03-25 19:04:19'),(916,172,162,35,'2008-03-25 19:04:57'),(917,153,27,10,'2008-03-25 19:04:58'),(918,17,202,650,'2008-03-25 19:05:03'),(919,74,153,30,'2008-03-25 19:05:27'),(920,44,202,655,'2008-03-25 19:05:47'),(921,19,153,40,'2008-03-25 19:05:47'),(922,4,142,40,'2008-03-25 19:06:25'),(923,119,153,45,'2008-03-25 19:06:26'),(924,13,142,45,'2008-03-25 19:06:57'),(925,77,15,25,'2008-03-25 19:06:57'),(926,43,146,50,'2008-03-25 19:07:39'),(927,141,146,70,'2008-03-25 19:08:21'),(928,159,146,80,'2008-03-25 19:08:50'),(929,173,335,20,'2008-03-25 19:09:10'),(930,20,33,15,'2008-03-25 19:09:16'),(931,53,146,100,'2008-03-25 19:09:26'),(932,78,146,120,'2008-03-25 19:09:47'),(933,39,421,20,'2008-03-25 19:09:55'),(934,126,146,125,'2008-03-25 19:10:05'),(935,53,146,130,'2008-03-25 19:11:04'),(936,159,303,50,'2008-03-25 19:11:15'),(937,126,146,140,'2008-03-25 19:12:10'),(938,109,309,40,'2008-03-25 19:12:31'),(939,122,309,50,'2008-03-25 19:13:08'),(940,152,309,60,'2008-03-25 19:13:19'),(941,119,304,40,'2008-03-25 19:14:19'),(942,53,146,145,'2008-03-25 19:14:20'),(943,159,304,50,'2008-03-25 19:15:12'),(944,50,309,62,'2008-03-25 19:15:28'),(945,126,146,150,'2008-03-25 19:15:32'),(946,79,402,15,'2008-03-25 19:16:09'),(947,159,309,65,'2008-03-25 19:16:45'),(948,67,31,10,'2008-03-25 19:16:46'),(949,53,146,151,'2008-03-25 19:16:54'),(950,174,146,160,'2008-03-25 19:16:54'),(951,6,372,35,'2008-03-25 19:17:02'),(952,54,33,20,'2008-03-25 19:17:15'),(953,5,404,25,'2008-03-25 19:17:47'),(954,126,146,165,'2008-03-25 19:17:52'),(955,17,202,675,'2008-03-25 19:18:23'),(956,124,402,20,'2008-03-25 19:18:48'),(957,146,407,50,'2008-03-25 19:19:50'),(958,79,418,50,'2008-03-25 19:20:52'),(959,44,398,30,'2008-03-25 19:20:53'),(960,44,362,25,'2008-03-25 19:21:14'),(961,109,398,40,'2008-03-25 19:21:19'),(962,94,418,60,'2008-03-25 19:22:05'),(963,168,418,75,'2008-03-25 19:22:28'),(964,175,207,25,'2008-03-25 19:22:45'),(965,146,362,35,'2008-03-25 19:22:48'),(966,19,386,20,'2008-03-25 19:23:04'),(967,94,418,90,'2008-03-25 19:23:21'),(968,4,418,150,'2008-03-25 19:23:51'),(969,176,386,30,'2008-03-25 19:24:23'),(970,124,341,30,'2008-03-25 19:24:33'),(971,177,27,15,'2008-03-25 19:24:46'),(972,94,418,175,'2008-03-25 19:24:58'),(973,7,407,55,'2008-03-25 19:24:59'),(974,124,407,60,'2008-03-25 19:26:16'),(975,25,398,45,'2008-03-25 19:26:24'),(976,44,362,40,'2008-03-25 19:26:59'),(977,79,407,65,'2008-03-25 19:28:11'),(978,175,328,40,'2008-03-25 19:28:22'),(979,178,328,50,'2008-03-25 19:29:22'),(980,109,418,180,'2008-03-25 19:29:49'),(981,44,367,30,'2008-03-25 19:30:00'),(982,175,328,60,'2008-03-25 19:30:08'),(983,53,328,65,'2008-03-25 19:30:37'),(984,114,367,35,'2008-03-25 19:31:39'),(985,94,418,188,'2008-03-25 19:31:39'),(986,22,93,40,'2008-03-25 19:31:42'),(987,175,328,75,'2008-03-25 19:32:02'),(988,119,324,15,'2008-03-25 19:32:16'),(989,122,117,10,'2008-03-25 19:32:25'),(990,119,325,15,'2008-03-25 19:32:28'),(991,44,37,15,'2008-03-25 19:33:21'),(992,126,324,20,'2008-03-25 19:37:20'),(993,39,37,20,'2008-03-25 19:38:14'),(994,126,325,20,'2008-03-25 19:38:14'),(995,62,325,25,'2008-03-25 19:39:06'),(996,67,451,40,'2008-03-25 19:39:12'),(997,26,388,45,'2008-03-25 19:39:18'),(998,119,93,45,'2008-03-25 19:39:28'),(999,7,178,25,'2008-03-25 19:39:47'),(1000,119,178,30,'2008-03-25 19:39:56'),(1001,44,178,35,'2008-03-25 19:39:57'),(1002,7,317,20,'2008-03-25 19:40:05'),(1003,122,317,35,'2008-03-25 19:40:26'),(1004,51,117,15,'2008-03-25 19:41:55'),(1005,109,37,25,'2008-03-25 19:42:11'),(1006,39,348,35,'2008-03-25 19:42:25'),(1007,170,367,40,'2008-03-25 19:43:20'),(1008,179,398,50,'2008-03-25 19:44:09'),(1009,139,324,30,'2008-03-25 19:44:43'),(1010,180,275,10,'2008-03-25 19:45:13'),(1011,25,398,55,'2008-03-25 19:46:31'),(1012,125,93,55,'2008-03-25 19:47:08'),(1013,181,117,20,'2008-03-25 19:47:47'),(1014,182,451,45,'2008-03-25 19:48:11'),(1015,179,398,60,'2008-03-25 19:48:14'),(1016,79,470,150,'2008-03-25 19:48:35'),(1017,183,470,200,'2008-03-25 19:49:08'),(1018,180,310,10,'2008-03-25 19:49:57'),(1019,44,310,15,'2008-03-25 19:50:26'),(1020,44,295,20,'2008-03-25 19:50:45'),(1021,179,317,40,'2008-03-25 19:50:45'),(1022,24,310,30,'2008-03-25 19:51:03'),(1023,53,295,35,'2008-03-25 19:51:35'),(1024,168,310,40,'2008-03-25 19:51:53'),(1025,24,275,15,'2008-03-25 19:51:57'),(1026,24,310,45,'2008-03-25 19:52:45'),(1027,127,71,30,'2008-03-25 19:52:49'),(1028,67,451,50,'2008-03-25 19:52:51'),(1029,178,470,205,'2008-03-25 19:53:02'),(1030,114,71,60,'2008-03-25 19:53:16'),(1031,180,338,15,'2008-03-25 19:53:27'),(1032,122,338,30,'2008-03-25 19:53:41'),(1033,166,71,90,'2008-03-25 19:54:19'),(1034,182,451,55,'2008-03-25 19:54:27'),(1035,25,338,35,'2008-03-25 19:54:41'),(1036,51,117,25,'2008-03-25 19:54:54'),(1037,43,348,40,'2008-03-25 19:55:28'),(1038,50,338,37,'2008-03-25 19:55:37'),(1039,67,451,60,'2008-03-25 19:56:45'),(1040,100,348,45,'2008-03-25 19:56:54'),(1041,79,434,60,'2008-03-25 19:57:43'),(1042,184,434,70,'2008-03-25 19:58:07'),(1043,182,451,65,'2008-03-25 19:58:49'),(1044,7,434,100,'2008-03-25 19:59:02'),(1045,185,434,125,'2008-03-25 19:59:39'),(1046,125,369,40,'2008-03-25 19:59:58'),(1047,180,275,20,'2008-03-25 20:00:45'),(1048,184,434,130,'2008-03-25 20:01:21'),(1049,158,542,65,'2008-03-25 20:02:59'),(1050,187,496,25,'2008-03-25 20:03:22'),(1051,6,496,30,'2008-03-25 20:03:46'),(1052,43,538,20,'2008-03-25 20:04:23'),(1053,119,538,25,'2008-03-25 20:05:23'),(1054,187,367,50,'2008-03-25 20:05:48'),(1055,5,500,20,'2008-03-25 20:05:55'),(1056,109,500,25,'2008-03-25 20:06:16'),(1057,148,310,50,'2008-03-25 20:06:27'),(1058,188,538,30,'2008-03-25 20:06:55'),(1059,168,275,25,'2008-03-25 20:07:29'),(1060,97,202,700,'2008-03-25 20:08:09'),(1061,5,12,45,'2008-03-25 20:09:15'),(1062,44,507,30,'2008-03-25 20:09:47'),(1063,109,434,140,'2008-03-25 20:09:54'),(1064,125,295,45,'2008-03-25 20:10:25'),(1065,35,317,45,'2008-03-25 20:10:37'),(1066,162,507,50,'2008-03-25 20:11:12'),(1067,184,434,150,'2008-03-25 20:11:13'),(1068,109,434,155,'2008-03-25 20:12:19'),(1069,115,529,25,'2008-03-25 20:13:46'),(1070,170,367,55,'2008-03-25 20:14:34'),(1071,25,496,35,'2008-03-25 20:14:41'),(1072,184,434,160,'2008-03-25 20:15:23'),(1073,6,529,30,'2008-03-25 20:15:28'),(1074,175,529,35,'2008-03-25 20:16:03'),(1075,44,312,25,'2008-03-25 20:17:05'),(1076,17,202,725,'2008-03-25 20:17:21'),(1077,6,312,35,'2008-03-25 20:17:40'),(1078,168,312,45,'2008-03-25 20:18:04'),(1079,17,312,75,'2008-03-25 20:18:06'),(1080,119,12,50,'2008-03-25 20:19:53'),(1081,50,244,25,'2008-03-25 20:20:54'),(1082,53,470,225,'2008-03-25 20:21:21'),(1083,168,248,35,'2008-03-25 20:21:46'),(1084,28,248,50,'2008-03-25 20:21:50'),(1085,189,244,30,'2008-03-25 20:22:26'),(1086,190,12,75,'2008-03-25 20:22:56'),(1087,61,346,30,'2008-03-25 20:23:14'),(1088,44,346,55,'2008-03-25 20:23:18'),(1089,43,538,35,'2008-03-25 20:24:29'),(1090,124,312,80,'2008-03-25 20:25:29'),(1091,183,470,230,'2008-03-25 20:25:37'),(1092,53,470,240,'2008-03-25 20:27:40'),(1093,6,312,90,'2008-03-25 20:27:49'),(1094,183,470,245,'2008-03-25 20:30:08'),(1095,54,12,80,'2008-03-25 20:31:14'),(1096,61,312,95,'2008-03-25 20:31:45'),(1097,190,12,90,'2008-03-25 20:32:29'),(1098,7,312,100,'2008-03-25 20:35:14'),(1099,191,527,25,'2008-03-26 17:03:42'),(1100,5,860,25,'2008-03-26 17:04:27'),(1101,180,527,30,'2008-03-26 17:05:02'),(1102,180,20,5,'2008-03-26 17:05:59'),(1103,74,375,20,'2008-03-26 17:07:20'),(1104,122,527,45,'2008-03-26 17:07:47'),(1105,191,524,50,'2008-03-26 17:09:01'),(1106,60,375,100,'2008-03-26 17:10:05'),(1107,17,859,15,'2008-03-26 17:11:33'),(1108,1,524,75,'2008-03-26 17:12:08'),(1109,192,375,110,'2008-03-26 17:12:23'),(1110,193,336,100,'2008-03-26 17:12:43'),(1111,127,524,100,'2008-03-26 17:13:16'),(1112,61,20,10,'2008-03-26 17:13:30'),(1113,194,859,25,'2008-03-26 17:13:45'),(1114,60,375,125,'2008-03-26 17:14:14'),(1115,153,20,15,'2008-03-26 17:14:38'),(1116,191,524,125,'2008-03-26 17:14:50'),(1117,195,859,50,'2008-03-26 17:15:16'),(1118,74,532,5,'2008-03-26 17:16:04'),(1119,24,8,30,'2008-03-26 17:17:17'),(1120,192,169,10,'2008-03-26 17:18:04'),(1121,23,863,20,'2008-03-26 17:18:13'),(1122,107,857,10,'2008-03-26 17:18:42'),(1123,172,103,50,'2008-03-26 17:18:50'),(1124,13,62,5,'2008-03-26 17:19:03'),(1125,127,524,150,'2008-03-26 17:20:03'),(1126,191,527,50,'2008-03-26 17:20:57'),(1127,180,28,5,'2008-03-26 17:21:26'),(1128,182,62,10,'2008-03-26 17:21:47'),(1129,143,62,15,'2008-03-26 17:22:06'),(1130,160,532,15,'2008-03-26 17:22:07'),(1131,61,859,60,'2008-03-26 17:23:02'),(1132,182,62,20,'2008-03-26 17:23:48'),(1133,195,470,275,'2008-03-26 17:24:15'),(1134,192,375,130,'2008-03-26 17:24:32'),(1135,35,532,20,'2008-03-26 17:24:37'),(1136,134,863,25,'2008-03-26 17:25:01'),(1137,160,532,25,'2008-03-26 17:25:17'),(1138,196,28,10,'2008-03-26 17:28:40'),(1139,35,5,25,'2008-03-26 17:29:03'),(1140,39,5,40,'2008-03-26 17:29:20'),(1141,191,524,160,'2008-03-26 17:29:44'),(1142,172,8,40,'2008-03-26 17:30:15'),(1143,17,366,25,'2008-03-26 17:30:20'),(1144,197,375,200,'2008-03-26 17:30:31'),(1145,5,5,65,'2008-03-26 17:30:56'),(1146,182,5,75,'2008-03-26 17:31:16'),(1147,198,524,200,'2008-03-26 17:31:34'),(1148,24,8,45,'2008-03-26 17:31:48'),(1149,175,527,55,'2008-03-26 17:32:04'),(1150,91,8,50,'2008-03-26 17:32:58'),(1151,191,527,60,'2008-03-26 17:33:03'),(1152,126,863,30,'2008-03-26 17:33:05'),(1153,159,527,75,'2008-03-26 17:34:26'),(1154,23,121,25,'2008-03-26 17:34:45'),(1155,192,121,35,'2008-03-26 17:34:54'),(1156,68,121,40,'2008-03-26 17:35:37'),(1157,191,374,30,'2008-03-26 17:35:55'),(1158,35,412,10,'2008-03-26 17:36:47'),(1159,191,465,50,'2008-03-26 17:36:48'),(1160,128,396,10,'2008-03-26 17:37:05'),(1161,122,526,25,'2008-03-26 17:37:41'),(1162,128,412,20,'2008-03-26 17:37:48'),(1163,191,487,40,'2008-03-26 17:37:58'),(1164,5,5,80,'2008-03-26 17:38:26'),(1165,5,526,30,'2008-03-26 17:38:48'),(1166,172,8,60,'2008-03-26 17:39:39'),(1167,143,8,65,'2008-03-26 17:40:18'),(1168,182,5,85,'2008-03-26 17:40:43'),(1169,91,412,30,'2008-03-26 17:41:07'),(1170,35,514,10,'2008-03-26 17:41:13'),(1171,191,412,35,'2008-03-26 17:41:15'),(1172,172,8,75,'2008-03-26 17:41:41'),(1173,24,121,45,'2008-03-26 17:42:22'),(1174,193,29,10,'2008-03-26 17:44:11'),(1175,191,225,30,'2008-03-26 17:44:33'),(1176,19,29,15,'2008-03-26 17:44:34'),(1177,91,433,20,'2008-03-26 17:45:02'),(1178,200,29,20,'2008-03-26 17:45:12'),(1179,19,225,40,'2008-03-26 17:45:12'),(1180,117,467,10,'2008-03-26 17:46:20'),(1181,99,366,30,'2008-03-26 17:46:33'),(1182,138,433,40,'2008-03-26 17:47:26'),(1183,193,440,40,'2008-03-26 17:47:27'),(1184,201,412,40,'2008-03-26 17:47:35'),(1185,122,526,35,'2008-03-26 17:47:38'),(1186,122,440,70,'2008-03-26 17:48:17'),(1187,7,412,45,'2008-03-26 17:48:51'),(1188,7,105,50,'2008-03-26 17:49:18'),(1189,191,412,50,'2008-03-26 17:50:02'),(1190,116,467,15,'2008-03-26 17:50:35'),(1191,30,105,75,'2008-03-26 17:50:46'),(1192,202,433,70,'2008-03-26 17:51:03'),(1193,203,433,80,'2008-03-26 17:51:56'),(1194,77,440,75,'2008-03-26 17:52:12'),(1195,204,514,20,'2008-03-26 17:52:26'),(1196,7,105,80,'2008-03-26 17:52:27'),(1197,7,412,55,'2008-03-26 17:52:54'),(1198,164,514,25,'2008-03-26 17:52:59'),(1199,14,440,80,'2008-03-26 17:53:10'),(1200,7,225,45,'2008-03-26 17:53:29'),(1201,205,467,20,'2008-03-26 17:53:53'),(1202,30,105,100,'2008-03-26 17:53:58'),(1203,206,433,100,'2008-03-26 17:54:04'),(1204,35,514,30,'2008-03-26 17:54:05'),(1205,198,29,25,'2008-03-26 17:54:26'),(1206,7,510,25,'2008-03-26 17:54:39'),(1207,191,445,50,'2008-03-26 17:54:51'),(1208,117,510,40,'2008-03-26 17:55:02'),(1209,17,510,50,'2008-03-26 17:55:03'),(1210,115,510,60,'2008-03-26 17:55:28'),(1211,158,445,55,'2008-03-26 17:55:29'),(1212,77,510,75,'2008-03-26 17:55:46'),(1213,7,510,80,'2008-03-26 17:56:08'),(1214,77,249,10,'2008-03-26 17:56:22'),(1215,5,510,100,'2008-03-26 17:56:24'),(1216,7,291,20,'2008-03-26 17:56:34'),(1217,115,510,120,'2008-03-26 17:56:45'),(1218,180,229,5,'2008-03-26 17:57:06'),(1219,83,291,25,'2008-03-26 17:57:14'),(1220,207,229,10,'2008-03-26 17:57:31'),(1221,180,291,30,'2008-03-26 17:57:38'),(1222,198,412,60,'2008-03-26 17:57:54'),(1223,208,225,50,'2008-03-26 17:58:09'),(1224,19,291,40,'2008-03-26 17:58:34'),(1225,208,249,25,'2008-03-26 17:58:41'),(1226,20,249,30,'2008-03-26 17:59:06'),(1227,209,249,35,'2008-03-26 17:59:10'),(1228,44,225,55,'2008-03-26 17:59:35'),(1229,134,291,45,'2008-03-26 18:00:14'),(1230,210,249,50,'2008-03-26 18:00:19'),(1231,119,38,20,'2008-03-26 18:00:31'),(1232,39,412,75,'2008-03-26 18:00:54'),(1233,210,479,10,'2008-03-26 18:01:09'),(1234,191,479,20,'2008-03-26 18:01:10'),(1235,209,60,25,'2008-03-26 18:01:26'),(1236,122,38,25,'2008-03-26 18:01:56'),(1237,79,864,50,'2008-03-26 18:02:05'),(1238,91,60,30,'2008-03-26 18:02:19'),(1239,122,864,100,'2008-03-26 18:02:25'),(1240,5,381,25,'2008-03-26 18:02:56'),(1241,52,479,25,'2008-03-26 18:03:17'),(1242,211,864,110,'2008-03-26 18:03:19'),(1243,8,381,30,'2008-03-26 18:03:41'),(1244,209,60,35,'2008-03-26 18:03:52'),(1245,192,864,120,'2008-03-26 18:04:15'),(1246,35,479,30,'2008-03-26 18:04:42'),(1247,211,864,140,'2008-03-26 18:04:55'),(1248,191,389,30,'2008-03-26 18:06:05'),(1249,192,471,30,'2008-03-26 18:06:15'),(1250,128,34,10,'2008-03-26 18:06:16'),(1251,212,479,40,'2008-03-26 18:07:14'),(1252,77,202,730,'2008-03-26 18:07:18'),(1253,20,249,55,'2008-03-26 18:07:31'),(1254,20,34,15,'2008-03-26 18:07:57'),(1255,122,447,50,'2008-03-26 18:08:01'),(1256,20,351,50,'2008-03-26 18:08:21'),(1257,213,447,55,'2008-03-26 18:08:29'),(1258,122,440,85,'2008-03-26 18:08:40'),(1259,123,470,300,'2008-03-26 18:08:46'),(1260,17,351,60,'2008-03-26 18:08:51'),(1261,214,249,70,'2008-03-26 18:09:15'),(1262,179,471,35,'2008-03-26 18:09:23'),(1263,19,225,60,'2008-03-26 18:09:46'),(1264,171,471,40,'2008-03-26 18:10:48'),(1265,122,79,35,'2008-03-26 18:11:42'),(1266,184,80,15,'2008-03-26 18:11:46'),(1267,191,80,25,'2008-03-26 18:11:47'),(1268,19,79,40,'2008-03-26 18:12:16'),(1269,154,60,40,'2008-03-26 18:12:40'),(1270,193,427,30,'2008-03-26 18:12:45'),(1271,61,351,70,'2008-03-26 18:13:02'),(1272,14,447,60,'2008-03-26 18:13:17'),(1273,17,82,50,'2008-03-26 18:13:31'),(1274,17,202,750,'2008-03-26 18:13:52'),(1275,215,351,80,'2008-03-26 18:14:23'),(1276,82,440,90,'2008-03-26 18:14:31'),(1277,22,381,35,'2008-03-26 18:15:05'),(1278,71,351,90,'2008-03-26 18:15:14'),(1279,216,82,90,'2008-03-26 18:15:46'),(1280,191,428,25,'2008-03-26 18:15:59'),(1281,208,351,95,'2008-03-26 18:16:03'),(1282,195,99,50,'2008-03-26 18:16:24'),(1283,71,351,105,'2008-03-26 18:16:54'),(1284,215,351,110,'2008-03-26 18:17:13'),(1285,193,68,50,'2008-03-26 18:17:31'),(1286,51,381,40,'2008-03-26 18:17:41'),(1287,122,351,120,'2008-03-26 18:17:54'),(1288,208,99,60,'2008-03-26 18:17:54'),(1289,192,413,35,'2008-03-26 18:17:55'),(1290,128,34,20,'2008-03-26 18:18:16'),(1291,208,351,130,'2008-03-26 18:18:22'),(1292,39,99,75,'2008-03-26 18:18:25'),(1293,217,413,45,'2008-03-26 18:18:43'),(1294,71,351,135,'2008-03-26 18:18:56'),(1295,32,381,45,'2008-03-26 18:19:00'),(1296,22,413,50,'2008-03-26 18:19:17'),(1297,96,99,80,'2008-03-26 18:19:27'),(1298,195,470,325,'2008-03-26 18:19:46'),(1299,192,406,15,'2008-03-26 18:21:07'),(1300,22,381,50,'2008-03-26 18:21:19'),(1301,115,413,55,'2008-03-26 18:22:01'),(1302,193,475,15,'2008-03-26 18:22:16'),(1303,195,475,20,'2008-03-26 18:22:31'),(1304,193,406,25,'2008-03-26 18:22:54'),(1305,7,475,25,'2008-03-26 18:23:09'),(1306,215,351,140,'2008-03-26 18:23:17'),(1307,7,133,5,'2008-03-26 18:23:50'),(1308,195,345,30,'2008-03-26 18:24:55'),(1309,119,345,35,'2008-03-26 18:25:18'),(1310,19,345,40,'2008-03-26 18:25:56'),(1311,71,351,150,'2008-03-26 18:26:01'),(1312,212,345,60,'2008-03-26 18:26:27'),(1313,195,96,30,'2008-03-26 18:27:05'),(1314,200,96,40,'2008-03-26 18:27:29'),(1315,19,96,45,'2008-03-26 18:28:02'),(1316,79,90,10,'2008-03-26 18:28:57'),(1317,200,96,50,'2008-03-26 18:28:57'),(1318,122,90,20,'2008-03-26 18:29:07'),(1319,191,136,30,'2008-03-26 18:29:17'),(1320,5,90,30,'2008-03-26 18:29:22'),(1321,211,291,50,'2008-03-26 18:29:23'),(1322,195,422,50,'2008-03-26 18:29:45'),(1323,193,422,60,'2008-03-26 18:30:06'),(1324,192,114,20,'2008-03-26 18:30:11'),(1325,183,422,70,'2008-03-26 18:30:25'),(1326,122,96,55,'2008-03-26 18:30:55'),(1327,122,98,70,'2008-03-26 18:31:12'),(1328,79,504,15,'2008-03-26 18:31:22'),(1329,198,504,30,'2008-03-26 18:31:25'),(1330,77,422,75,'2008-03-26 18:32:09'),(1331,180,422,80,'2008-03-26 18:32:23'),(1332,77,475,30,'2008-03-26 18:32:33'),(1333,218,422,100,'2008-03-26 18:32:47'),(1334,180,94,5,'2008-03-26 18:33:00'),(1335,215,94,10,'2008-03-26 18:33:33'),(1336,117,525,50,'2008-03-26 18:33:35'),(1337,183,133,10,'2008-03-26 18:33:43'),(1338,219,525,150,'2008-03-26 18:33:45'),(1339,183,525,160,'2008-03-26 18:34:05'),(1340,180,525,175,'2008-03-26 18:34:31'),(1341,20,525,200,'2008-03-26 18:34:32'),(1342,8,422,120,'2008-03-26 18:34:52'),(1343,117,525,250,'2008-03-26 18:35:22'),(1344,191,340,35,'2008-03-26 18:35:43'),(1345,220,94,35,'2008-03-26 18:35:59'),(1346,179,96,60,'2008-03-26 18:36:01'),(1347,44,340,45,'2008-03-26 18:36:13'),(1348,7,340,50,'2008-03-26 18:36:49'),(1349,219,422,140,'2008-03-26 18:36:54'),(1350,183,525,275,'2008-03-26 18:36:56'),(1351,20,99,85,'2008-03-26 18:37:10'),(1352,20,525,300,'2008-03-26 18:37:34'),(1353,221,422,150,'2008-03-26 18:37:42'),(1354,44,340,55,'2008-03-26 18:38:06'),(1355,191,98,75,'2008-03-26 18:38:09'),(1356,193,368,35,'2008-03-26 18:38:34'),(1357,7,340,60,'2008-03-26 18:39:01'),(1358,191,405,60,'2008-03-26 18:39:27'),(1359,7,475,35,'2008-03-26 18:39:33'),(1360,192,405,70,'2008-03-26 18:40:03'),(1361,122,118,10,'2008-03-26 18:40:08'),(1362,180,430,15,'2008-03-26 18:40:16'),(1363,5,405,85,'2008-03-26 18:40:30'),(1364,180,179,15,'2008-03-26 18:40:37'),(1365,198,405,100,'2008-03-26 18:40:45'),(1366,191,179,40,'2008-03-26 18:40:46'),(1367,39,179,45,'2008-03-26 18:41:18'),(1368,221,326,15,'2008-03-26 18:42:02'),(1369,191,326,25,'2008-03-26 18:42:06'),(1370,44,340,65,'2008-03-26 18:42:32'),(1371,124,430,25,'2008-03-26 18:42:48'),(1372,39,148,25,'2008-03-26 18:43:29'),(1373,122,148,30,'2008-03-26 18:44:46'),(1374,183,444,20,'2008-03-26 18:44:57'),(1375,134,444,50,'2008-03-26 18:45:01'),(1376,7,340,70,'2008-03-26 18:45:08'),(1377,122,422,160,'2008-03-26 18:45:23'),(1378,39,148,32,'2008-03-26 18:45:49'),(1379,96,98,80,'2008-03-26 18:45:58'),(1380,96,179,50,'2008-03-26 18:46:20'),(1381,57,340,75,'2008-03-26 18:47:13'),(1382,221,449,25,'2008-03-26 18:50:27'),(1383,122,319,20,'2008-03-26 18:50:38'),(1384,7,319,25,'2008-03-26 18:51:38'),(1385,5,319,30,'2008-03-26 18:51:42'),(1386,82,452,20,'2008-03-26 18:52:08'),(1387,5,452,35,'2008-03-26 18:52:11'),(1388,7,159,25,'2008-03-26 18:52:14'),(1389,119,159,30,'2008-03-26 18:52:15'),(1390,222,276,15,'2008-03-26 18:52:21'),(1391,223,470,350,'2008-03-26 18:52:33'),(1392,7,452,40,'2008-03-26 18:52:48'),(1393,208,449,35,'2008-03-26 18:53:08'),(1394,221,470,400,'2008-03-26 18:53:26'),(1395,96,449,40,'2008-03-26 18:53:31'),(1396,171,452,50,'2008-03-26 18:53:52'),(1397,43,444,55,'2008-03-26 18:53:54'),(1398,147,449,45,'2008-03-26 18:54:00'),(1399,134,444,60,'2008-03-26 18:54:43'),(1400,96,449,50,'2008-03-26 18:55:11'),(1401,192,308,95,'2008-03-26 18:55:18'),(1402,5,188,50,'2008-03-26 18:55:31'),(1403,7,279,75,'2008-03-26 18:56:26'),(1404,43,444,65,'2008-03-26 18:56:53'),(1405,191,452,60,'2008-03-26 18:57:17'),(1406,192,337,20,'2008-03-26 18:57:35'),(1407,191,337,25,'2008-03-26 18:57:45'),(1408,134,444,70,'2008-03-26 18:57:47'),(1409,44,181,5,'2008-03-26 18:58:37'),(1410,193,422,165,'2008-03-26 18:58:43'),(1411,128,181,20,'2008-03-26 18:59:15'),(1412,183,181,25,'2008-03-26 18:59:25'),(1413,171,452,70,'2008-03-26 19:00:00'),(1414,39,181,45,'2008-03-26 19:00:00'),(1415,193,159,35,'2008-03-26 19:00:40'),(1416,87,159,40,'2008-03-26 19:01:28'),(1417,173,525,310,'2008-03-26 19:01:48'),(1418,200,45,50,'2008-03-26 19:02:02'),(1419,51,118,15,'2008-03-26 19:02:06'),(1420,54,276,20,'2008-03-26 19:02:17'),(1421,79,199,50,'2008-03-26 19:02:26'),(1422,5,24,15,'2008-03-26 19:02:29'),(1423,24,199,75,'2008-03-26 19:02:52'),(1424,122,199,85,'2008-03-26 19:03:15'),(1425,117,525,315,'2008-03-26 19:03:36'),(1426,109,199,90,'2008-03-26 19:04:02'),(1427,180,276,25,'2008-03-26 19:04:24'),(1428,193,45,55,'2008-03-26 19:04:31'),(1429,192,111,60,'2008-03-26 19:04:45'),(1430,173,525,320,'2008-03-26 19:05:07'),(1431,7,111,75,'2008-03-26 19:05:10'),(1432,151,279,85,'2008-03-26 19:05:32'),(1433,94,308,100,'2008-03-26 19:05:32'),(1434,8,422,170,'2008-03-26 19:05:52'),(1435,119,159,45,'2008-03-26 19:06:13'),(1436,24,279,90,'2008-03-26 19:06:21'),(1437,180,355,15,'2008-03-26 19:06:23'),(1438,192,308,110,'2008-03-26 19:06:24'),(1439,225,45,125,'2008-03-26 19:06:52'),(1440,7,279,100,'2008-03-26 19:07:04'),(1441,105,159,50,'2008-03-26 19:07:30'),(1442,221,422,180,'2008-03-26 19:07:54'),(1443,209,111,100,'2008-03-26 19:08:18'),(1444,122,422,190,'2008-03-26 19:08:44'),(1445,119,272,20,'2008-03-26 19:09:12'),(1446,39,192,180,'2008-03-26 19:09:17'),(1447,213,272,25,'2008-03-26 19:09:20'),(1448,208,111,110,'2008-03-26 19:09:46'),(1449,215,199,105,'2008-03-26 19:09:47'),(1450,44,272,30,'2008-03-26 19:09:48'),(1451,119,72,25,'2008-03-26 19:09:49'),(1452,8,422,200,'2008-03-26 19:10:06'),(1453,44,72,50,'2008-03-26 19:10:11'),(1454,7,111,115,'2008-03-26 19:10:13'),(1455,226,72,60,'2008-03-26 19:10:32'),(1456,73,192,225,'2008-03-26 19:10:54'),(1457,94,308,115,'2008-03-26 19:11:01'),(1458,195,422,210,'2008-03-26 19:11:27'),(1459,213,272,35,'2008-03-26 19:11:45'),(1460,227,181,55,'2008-03-26 19:12:06'),(1461,209,111,145,'2008-03-26 19:12:43'),(1462,213,272,36,'2008-03-26 19:12:47'),(1463,208,111,150,'2008-03-26 19:13:49'),(1464,39,308,160,'2008-03-26 19:13:50'),(1465,61,72,65,'2008-03-26 19:14:02'),(1466,173,192,230,'2008-03-26 19:15:12'),(1467,228,272,38,'2008-03-26 19:15:41'),(1468,5,72,75,'2008-03-26 19:15:54'),(1469,229,279,110,'2008-03-26 19:16:48'),(1470,127,56,5,'2008-03-26 19:17:27'),(1471,77,56,10,'2008-03-26 19:17:44'),(1472,73,192,250,'2008-03-26 19:18:06'),(1473,180,149,40,'2008-03-26 19:18:54'),(1474,73,392,15,'2008-03-26 19:18:55'),(1475,230,56,15,'2008-03-26 19:19:31'),(1476,7,149,50,'2008-03-26 19:19:36'),(1477,193,329,20,'2008-03-26 19:19:50'),(1478,79,149,65,'2008-03-26 19:19:55'),(1479,44,72,80,'2008-03-26 19:19:55'),(1480,7,279,115,'2008-03-26 19:20:09'),(1481,20,149,70,'2008-03-26 19:20:13'),(1482,171,149,80,'2008-03-26 19:20:40'),(1483,5,72,90,'2008-03-26 19:21:22'),(1484,231,329,40,'2008-03-26 19:22:44'),(1485,122,155,75,'2008-03-26 19:22:50'),(1486,79,281,15,'2008-03-26 19:22:57'),(1487,44,97,30,'2008-03-26 19:23:01'),(1488,122,164,25,'2008-03-26 19:23:10'),(1489,195,164,30,'2008-03-26 19:23:30'),(1490,54,392,20,'2008-03-26 19:23:55'),(1491,50,164,35,'2008-03-26 19:23:56'),(1492,77,155,80,'2008-03-26 19:24:13'),(1493,212,392,25,'2008-03-26 19:25:05'),(1494,232,97,35,'2008-03-26 19:25:26'),(1495,153,128,5,'2008-03-26 19:25:35'),(1496,233,128,10,'2008-03-26 19:26:07'),(1497,157,491,10,'2008-03-26 19:26:58'),(1498,180,241,15,'2008-03-26 19:27:04'),(1499,229,279,120,'2008-03-26 19:27:42'),(1500,44,241,30,'2008-03-26 19:27:53'),(1501,156,155,85,'2008-03-26 19:29:47'),(1502,191,163,35,'2008-03-26 19:30:09'),(1503,235,491,25,'2008-03-26 19:30:11'),(1504,191,208,25,'2008-03-26 19:30:23'),(1505,195,349,10,'2008-03-26 19:31:00'),(1506,208,173,10,'2008-03-26 19:32:11'),(1507,60,173,35,'2008-03-26 19:32:29'),(1508,109,329,50,'2008-03-26 19:33:12'),(1509,212,128,15,'2008-03-26 19:33:25'),(1510,39,214,15,'2008-03-26 19:33:40'),(1511,236,363,12,'2008-03-26 19:33:56'),(1512,192,349,30,'2008-03-26 19:34:45'),(1513,213,214,25,'2008-03-26 19:34:51'),(1514,195,245,25,'2008-03-26 19:35:20'),(1515,156,349,40,'2008-03-26 19:35:32'),(1516,79,128,17,'2008-03-26 19:36:01'),(1517,157,491,50,'2008-03-26 19:36:27'),(1518,20,149,85,'2008-03-26 19:37:01'),(1519,7,143,25,'2008-03-26 19:37:26'),(1520,7,235,30,'2008-03-26 19:37:52'),(1521,26,391,45,'2008-03-26 19:37:55'),(1522,205,281,20,'2008-03-26 19:38:06'),(1523,237,143,30,'2008-03-26 19:38:07'),(1524,122,143,50,'2008-03-26 19:38:15'),(1525,119,357,25,'2008-03-26 19:38:36'),(1526,7,143,55,'2008-03-26 19:38:47'),(1527,60,235,50,'2008-03-26 19:38:48'),(1528,170,128,18,'2008-03-26 19:39:54'),(1529,77,357,30,'2008-03-26 19:40:18'),(1530,238,391,50,'2008-03-26 19:40:22'),(1531,61,128,20,'2008-03-26 19:41:16'),(1532,156,349,45,'2008-03-26 19:41:32'),(1533,59,245,30,'2008-03-26 19:41:48'),(1534,77,233,650,'2008-03-26 19:42:06'),(1535,47,128,21,'2008-03-26 19:43:06'),(1536,233,128,25,'2008-03-26 19:44:09'),(1537,149,281,25,'2008-03-26 19:45:49'),(1538,191,232,25,'2008-03-26 19:46:05'),(1539,192,264,35,'2008-03-26 19:46:09'),(1540,109,143,65,'2008-03-26 19:46:34'),(1541,44,264,45,'2008-03-26 19:46:36'),(1542,158,149,130,'2008-03-26 19:46:44'),(1543,77,266,10,'2008-03-26 19:47:34'),(1544,122,252,10,'2008-03-26 19:49:43'),(1545,156,155,90,'2008-03-26 19:49:45'),(1546,50,286,30,'2008-03-26 19:49:50'),(1547,115,252,25,'2008-03-26 19:50:00'),(1548,7,286,31,'2008-03-26 19:50:33'),(1549,227,457,20,'2008-03-26 19:50:46'),(1550,44,286,32,'2008-03-26 19:52:00'),(1551,26,264,50,'2008-03-26 19:52:38'),(1552,200,290,30,'2008-03-26 19:52:40'),(1553,99,233,660,'2008-03-26 19:52:55'),(1554,119,290,35,'2008-03-26 19:53:07'),(1555,67,316,20,'2008-03-26 19:53:17'),(1556,50,290,40,'2008-03-26 19:53:20'),(1557,154,266,25,'2008-03-26 19:53:21'),(1558,122,290,55,'2008-03-26 19:53:32'),(1559,59,286,35,'2008-03-26 19:54:02'),(1560,50,290,60,'2008-03-26 19:54:24'),(1561,77,233,700,'2008-03-26 19:54:37'),(1562,156,290,65,'2008-03-26 19:54:57'),(1563,17,109,20,'2008-03-26 19:55:01'),(1564,235,491,75,'2008-03-26 19:56:06'),(1565,44,355,20,'2008-03-26 19:56:44'),(1566,205,109,30,'2008-03-26 19:56:56'),(1567,99,109,35,'2008-03-26 19:57:53'),(1568,44,300,50,'2008-03-26 19:57:54'),(1569,26,195,50,'2008-03-26 19:57:58'),(1570,50,300,60,'2008-03-26 19:58:46'),(1571,237,491,80,'2008-03-26 19:59:26'),(1572,147,300,65,'2008-03-26 20:00:03'),(1573,207,316,25,'2008-03-26 20:00:42'),(1574,239,266,35,'2008-03-26 20:00:49'),(1575,7,16,5,'2008-03-26 20:01:05'),(1576,153,16,10,'2008-03-26 20:01:06'),(1577,7,16,15,'2008-03-26 20:01:28'),(1578,154,266,45,'2008-03-26 20:02:04'),(1579,163,865,140,'2008-03-26 20:02:23'),(1580,153,16,20,'2008-03-26 20:02:35'),(1581,239,266,55,'2008-03-26 20:03:32'),(1582,107,109,40,'2008-03-26 20:04:12'),(1583,240,316,30,'2008-03-26 20:04:30'),(1584,240,300,70,'2008-03-26 20:05:06');
UNLOCK TABLES;
/*!40000 ALTER TABLE `bidhistory` ENABLE KEYS */;

--
-- Table structure for table `items`
--

DROP TABLE IF EXISTS `items`;
CREATE TABLE `items` (
  `id` int(11) NOT NULL auto_increment,
  `name` varchar(255) default NULL,
  `description` text,
  `status` varchar(50) default NULL,
  `suggestedprice` int(11) default NULL,
  `auctioneer` int(11) default NULL,
  `sellername` varchar(100) default NULL,
  `sequencenumber` int(11) default NULL,
  `bid` int(11) default NULL,
  `BidderID` int(11) default NULL,
  `timer` int(11) default NULL,
  `timeradmin` varchar(5) default NULL,
  `advertisement` varchar(255) default NULL,
  `active` int(11) default NULL,
  `night` int(11) default NULL,
  `priority` int(11) default NULL,
  `sellerphone` varchar(50) default NULL,
  `selleremail` varchar(50) default NULL,
  `bhTimeStamp` timestamp NOT NULL default CURRENT_TIMESTAMP on update CURRENT_TIMESTAMP,
  `moreinfo` tinytext,
  PRIMARY KEY  (`id`),
  KEY `quickview` (`id`,`sequencenumber`)
) ENGINE=MyISAM DEFAULT CHARSET=latin1;

--
-- Dumping data for table `items`
--


/*!40000 ALTER TABLE `items` DISABLE KEYS */;
LOCK TABLES `items` WRITE;
INSERT INTO `items` (`id`, `name`, `description`, `status`, `suggestedprice`, `auctioneer`, `sellername`, `sequencenumber`, `bid`, `BidderID`, `timer`, `timeradmin`, `advertisement`, `active`, `night`, `priority`, `sellerphone`, `selleremail`, `bhTimeStamp`, `moreinfo`) VALUES (3,'Dinner for 4 at Creamery Hill','Dinner for 4 at Creamery Hill','Complete',100,0,'Greg\'s Distributing',3,100,1,63479,'Halt','For all your potato chip and candy needs.',1,NULL,NULL,NULL,NULL,'2008-03-24 17:40:03',NULL),(4,'$50.00 Mid American Tours Gift Certificate','$50.00 Mid American Tours Gift Certificate','Complete',50,0,'Mid American Coaches',546,25,0,65840,'Halt','Making your travel dreams a reality.',1,NULL,NULL,NULL,NULL,'2008-03-24 20:35:21',NULL),(5,'Men\'s Swiss Army Watch','Men\'s Swiss Army Watch','Complete',130,1,'Promotional Consultants',52,85,1,63897,'Halt','Assisting you with all of your promotional needs.  Call 636-584-7000',1,NULL,NULL,NULL,NULL,'2008-03-26 17:44:58','http://www.washingtonrotary.com/auction-moreinfo/5.jpg'),(6,'McKenzie pass Tent by Columbia Sportswear Co.','McKenzie pass Tent by Columbia Sportswear Co.','Complete',125,0,'North Pole U.S., LLC',4,70,0,64533,'Halt','2-3 Person Tent with Tub Floor/ sealed and double coated rainfly.  Additional features include:  pocket organizer and shelf unit for easy storage, carry bag has wheels',1,NULL,NULL,NULL,NULL,'2008-03-24 17:59:48','http://www.washingtonrotary.com/auction-moreinfo/6.pdf'),(7,'McKenzie Pass Tent','McKenzie Pass Tent','Complete',125,1,'North Pole U.S., LLC',57,80,0,68339,'Halt','2-3 Person Tent with Tub Floor/ sealed and double coated rainfly.  Additional features include:  pocket organizer and shelf unit for easy storage, carry bag has wheels',1,NULL,NULL,NULL,NULL,'2008-03-25 19:00:43','http://www.washingtonrotary.com/auction-moreinfo/7.pdf'),(8,'McKenzie Pass Tent - Columbia Sportswear Co','McKenzie Pass Tent - Columbia Sportswear Co','Complete',125,1,'North Pole U.S., LLC',50,75,0,64381,'Halt','2-3 Person Tent with Tub Floor/ sealed and double coated rainfly.  Additional features include:  pocket organizer and shelf unit for easy storage, carry bag has wheels',1,NULL,NULL,NULL,NULL,'2008-03-26 17:53:20',NULL),(9,'McKenzie Pass Tent by Columbia Sportswear Co','McKenzie Pass Tent by Columbia Sportswear Co','Ready',125,NULL,'North Pole U.S., LLC',184,NULL,NULL,NULL,NULL,'2-3 Person Tent with Tub Floor/ sealed and double coated rainfly.  Additional features include:  pocket organizer and shelf unit for easy storage, carry bag has wheels',NULL,NULL,NULL,NULL,NULL,'2008-03-26 19:27:54',NULL),(10,'Yorkstone Sleeping Bag by Columbia Sportswear','Yorkstone Sleeping Bag by Columbia Sportswear','Complete',110,0,'North Pole U.S., LLC',72,75,1,74559,'Halt','Mummy style, Queen Size with 2 detachable pillows, 6lb weight; rated at +30 degrees farenheit.  60\"\"x80\"\" overall size',1,NULL,NULL,NULL,NULL,'2008-03-24 20:42:13','http://www.washingtonrotary.com/auction-moreinfo/10.pdf'),(11,'Yorkshire Sleeping Bag by Columbia Sportswear Co','Yorkshire Sleeping Bag by Columbia Sportswear Co','Complete',110,1,'North Pole U.S., LLC',33,65,0,66318,'Halt','Mummy style, Queen Size with 2 detachable pillows, 6lb weight; rated at +30 degrees farenheit.  60\"\"x80\"\" overall size',1,NULL,NULL,NULL,NULL,'2008-03-25 18:26:13','http://www.washingtonrotary.com/auction-moreinfo/11.pdf'),(12,'2 Summitcrest Chairs  with columbia Logo','2 Summitcrest Chairs  with columbia Logo','Complete',120,0,'North Pole U.S., LLC',32,90,0,74200,'Halt','Portable; mesh panels and lumbar support; 225lbs maximum seating capacity (each chair).',1,NULL,NULL,NULL,NULL,'2008-03-25 20:34:54','http://www.washingtonrotary.com/auction-moreinfo/12.pdf'),(13,'New Yort Giants 10 x 10 Gazebo','New Yort Giants 10 x 10 Gazebo','Ready',179,NULL,'North Pole U.S., LLC',51,NULL,NULL,NULL,NULL,'Official NFL product - great for Tailgating',NULL,NULL,NULL,NULL,NULL,'2008-03-26 19:45:41','http://www.washingtonrotary.com/auction-moreinfo/13.jpg'),(14,'Disney Kid\'s Sleeping Bag features Mickey','Disney Kid\'s Sleeping Bag features Mickey','Complete',19,1,'North Pole U.S., LLC',70,25,0,73514,'Halt','Mickey and Donald \"\"canoe excursion\"\" theme indoor/outdoor use - Great for slumber parties!  Washable polyester 29\"\" x 60\"\" overall size',1,NULL,NULL,NULL,NULL,'2008-03-24 20:25:58','http://www.washingtonrotary.com/auction-moreinfo/14.pdf'),(15,'Disney Kid\'s Sleeping Bag - Mickey','Disney Kid\'s Sleeping Bag - Mickey','Complete',19,1,'North Pole U.S., LLC',16,25,0,69210,'Halt','Mickey and Donald \"\"canoe excursion\"\" theme indoor/outdoor use - Great for slumber parties!  Washable polyester 29\"\" x 60\"\" overall size',1,NULL,NULL,NULL,NULL,'2008-03-25 19:14:42','http://www.washingtonrotary.com/auction-moreinfo/15.pdf'),(16,'Disney Kid\'s Sleeping Bag - Mickey','Disney Kid\'s Sleeping Bag - Mickey','Bidding',19,0,'North Pole U.S., LLC',51,20,1,72515,'time','Mickey and Donald \"\"canoe excursion\"\" theme indoor/outdoor use - Great for slumber parties!  Washable polyester 29\"\" x 60\"\" overall size',1,NULL,NULL,NULL,NULL,'2008-03-26 20:04:21','http://www.washingtonrotary.com/auction-moreinfo/16.pdf'),(17,'Disney Kid\'s Sleeping Bag - Mickey','Disney Kid\'s Sleeping Bag - Mickey','Ready',19,NULL,'North Pole U.S., LLC',52,NULL,NULL,NULL,NULL,'Mickey and Donald \"\"canoe excursion\"\" theme indoor/outdoor use - Great for slumber parties!  Washable polyester 29\"\" x 60\"\" overall size',NULL,NULL,NULL,NULL,NULL,'2008-03-26 19:45:41','http://www.washingtonrotary.com/auction-moreinfo/17.pdf'),(18,'Disney Kid\'s Sleeping Bag features Princesses','Disney Kid\'s Sleeping Bag features Princesses','Complete',19,1,'North Pole U.S., LLC',45,20,0,69672,'Halt','Fit for your very own little pricess!  Ariel, Belle and Sleeping Beauty adorn this flower covered pink bag.  Indoor/Outdoor use - 29\"\" x 60\"\" washable polyester.',1,NULL,NULL,NULL,NULL,'2008-03-24 19:22:29','http://www.washingtonrotary.com/auction-moreinfo/18.pdf'),(19,'Disney Kid\'s Sleeping Bag - Princesses','Disney Kid\'s Sleeping Bag - Princesses','Complete',19,0,'North Pole U.S., LLC',38,20,0,66224,'Halt','Fit for your very own little pricess!  Ariel, Belle and Sleeping Beauty adorn this flower covered pink bag.  Indoor/Outdoor use - 29\"\" x 60\"\" washable polyester.',1,NULL,NULL,NULL,NULL,'2008-03-25 18:25:28','http://www.washingtonrotary.com/auction-moreinfo/19.pdf'),(20,'Disney Kid\'s Sleeping Bag - Princesses','Disney Kid\'s Sleeping Bag - Princesses','Complete',19,0,'North Pole U.S., LLC',47,15,1,62808,'Halt','Fit for your very own little pricess!  Ariel, Belle and Sleeping Beauty adorn this flower covered pink bag.  Indoor/Outdoor use - 29\"\" x 60\"\" washable polyester.',1,NULL,NULL,NULL,NULL,'2008-03-26 17:24:37','http://www.washingtonrotary.com/auction-moreinfo/20.pdf'),(21,'Disney Kid\'s Sleeping Bag - Princesses','Disney Kid\'s Sleeping Bag - Princesses','Ready',19,NULL,'North Pole U.S., LLC',53,NULL,NULL,NULL,NULL,'Fit for your very own little pricess!  Ariel, Belle and Sleeping Beauty adorn this flower covered pink bag.  Indoor/Outdoor use - 29\"\" x 60\"\" washable polyester.',NULL,NULL,NULL,NULL,NULL,'2008-03-26 19:45:41','http://www.washingtonrotary.com/auction-moreinfo/21.pdf'),(22,'$15.00 Gift Card to Cecil Whittaker\'s Pizza','$15.00 Gift Card to Cecil Whittaker\'s Pizza','Complete',15,0,'Cecil Whitttaker\'s Pizza',75,15,1,73368,'Halt','Enjoy our \"\"\"\"Buy One - Get One Free Specials\"\"\"\" everyday!  At Cecil Whittaker\'s Pizza',1,NULL,NULL,NULL,NULL,'2008-03-24 20:24:38',NULL),(23,'$15.00 Gift Card to Cecil Whittaker\'s Pizza','$15.00 Gift Card to Cecil Whittaker\'s Pizza','Complete',15,0,'Cecil Whitttaker\'s Pizza',32,10,0,64467,'Halt','Enjoy our \"\"\"\"Buy One - Get One Free Specials\"\"\"\" everyday!  At Cecil Whittaker\'s Pizza',1,NULL,NULL,NULL,NULL,'2008-03-25 17:55:20',NULL),(24,'$15.00 Gift Card to Cecil Whittaker\'s Pizza','$15.00 Gift Card to Cecil Whittaker\'s Pizza','Complete',15,0,'Cecil Whitttaker\'s Pizza',25,15,0,69476,'Halt','Enjoy our \"\"\"\"Buy One - Get One Free Specials\"\"\"\" everyday!  At Cecil Whittaker\'s Pizza',1,NULL,NULL,NULL,NULL,'2008-03-26 19:17:57',NULL),(25,'$15.00 Gift Card to Cecil Whittaker\'s Pizza','$15.00 Gift Card to Cecil Whittaker\'s Pizza','Ready',15,NULL,'Cecil Whitttaker\'s Pizza',54,NULL,NULL,NULL,NULL,'Enjoy our \"\"\"\"Buy One - Get One Free Specials\"\"\"\" everyday!  At Cecil Whittaker\'s Pizza',NULL,NULL,NULL,NULL,NULL,'2008-03-26 19:45:41',NULL),(26,'Basket of Men\'s Hair Products','Basket of Men\'s Hair Products','Complete',45,0,'Hair Engineers West Inc',5,15,1,63759,'Halt','Located in Washington Square - 3909-2022',1,NULL,NULL,NULL,NULL,'2008-03-24 17:45:06',NULL),(27,'Men\'s Haircut by Melanie Norris','Men\'s Haircut by Melanie Norris','Complete',16,0,'Hair Engineers West Inc',11,15,0,70137,'Halt','Located in Washington Square - 390-2022',1,NULL,NULL,NULL,NULL,'2008-03-25 19:30:04',NULL),(28,'Men\'s Hair Cut by Vicky Openauer','Men\'s Hair Cut by Vicky Openauer','Complete',16,1,'Hair Engineers West Inc',43,10,0,63210,'Halt','Located in Washington Square - 390-2022',1,NULL,NULL,NULL,NULL,'2008-03-26 17:35:12',NULL),(29,'$25.00 Gift Certificat to Four Seasons Florist','$25.00 Gift Certificat to Four Seasons Florist','Complete',25,1,'Four Seasons Florist',60,25,0,64764,'Halt','For beautiful flowers, a special occasion or any day - call Michelle @ Four Seasons Florist!',1,NULL,NULL,NULL,NULL,'2008-03-26 17:59:17',NULL),(30,'$25.00 Gift Certificate to Four Seasons Florist','$25.00 Gift Certificate to Four Seasons Florist','Complete',25,0,'Four Seasons Florist',70,30,1,72217,'Halt','For beautiful flowers, a special occasion or any day - call Michelle @ Four Seasons Florist!  Located in Downtown Washington',1,NULL,NULL,NULL,NULL,'2008-03-24 20:02:52',NULL),(31,'Men\'s Haircut by Newt','Men\'s Haircut by Newt','Complete',14,1,'Newton\'s Total Care',22,10,0,70321,'Halt','Newton\'s Total Care - 1201 Jefferson \"\"\"\"Behind Aldo\'s\"\"\"\"',1,NULL,NULL,NULL,NULL,'2008-03-25 19:33:39',NULL),(32,'$30.00 Gift Certificate to Inscriptions Engraved Gifts','$30.00 Gift Certificate to Inscriptions Engraved Gifts','Complete',30,0,'Inscriptions Engraved Gifts',6,15,1,63784,'Halt','A full-service engraving shop located with Show-Me Trophies & Awards in Downtown Washington.',1,NULL,NULL,NULL,NULL,'2008-03-24 17:45:07',NULL),(33,'$30.00 Gift Certificate to Inscriptions Engraved Gifts','$30.00 Gift Certificate to Inscriptions Engraved Gifts','Complete',30,1,'Inscriptions Engraved Gifts',79,20,0,69686,'Halt','A full-service engraving shop located with Show-Me Trophies & Awards in Downtown Washington.',1,NULL,NULL,NULL,NULL,'2008-03-25 19:23:15',NULL),(34,'$30.00 Gift Certificate to Inscriptions Engraved Gifts','$30.00 Gift Certificate to Inscriptions Engraved Gifts','Complete',30,0,'Inscriptions Engraved Gifts',68,20,0,66150,'Halt','A full-service engraving shop located with Show-Me Trophies & Awards in Downtown Washington.',1,NULL,NULL,NULL,NULL,'2008-03-26 18:22:00',NULL),(35,'$30.00 Gift Certificate to Inscriptions Engraved Gifts','$30.00 Gift Certificate to Inscriptions Engraved Gifts','Ready',30,NULL,'Inscriptions Engraved Gifts',55,NULL,NULL,NULL,NULL,'A full-service engraving shop located with Show-Me Trophies & Awards in Downtown Washington.',NULL,NULL,NULL,NULL,NULL,'2008-03-26 19:45:41',NULL),(36,'$25.00 Gift Certificate for Fischer BP Food Shop','$25.00 Gift Certificate for Fischer BP Food Shop','Complete',25,1,'Fischer BP Food Shop',61,25,0,73708,'Halt','Good luck on the Rotary Auction from your friends at Fischer BP Food Shop',1,NULL,NULL,NULL,NULL,'2008-03-24 20:29:42',NULL),(37,'$25.00 Gift Certificate for Fischer BP Food Shop','$25.00 Gift Certificate for Fischer BP Food Shop','Complete',25,0,'Fischer BP Food Shop',24,25,0,71239,'Halt','Good luck on the Rotary Auction from your friends at Fischer BP Food Shop',1,NULL,NULL,NULL,NULL,'2008-03-25 19:47:14',NULL),(38,'$25.00 Gift Certificate for Fischer BP Food Shop','$25.00 Gift Certificate for Fischer BP Food Shop','Complete',25,1,'Fischer BP Food Shop',62,25,0,65248,'Halt','Good luck on the Rotary Auction from your friends at Fischer BP Food Shop',1,NULL,NULL,NULL,NULL,'2008-03-26 18:04:47',NULL),(39,'$25.00 Gift Certificate for Fischer BP Food Shop','$25.00 Gift Certificate for Fischer BP Food Shop','Ready',25,NULL,'Fischer BP Food Shop',56,NULL,NULL,NULL,NULL,'Good luck on the Rotary Auction from your friends at Fischer BP Food Shop',NULL,NULL,NULL,NULL,NULL,'2008-03-26 19:45:41',NULL),(40,'4 Cardinal Tickets for April 15, 2008','4 Cardinal Tickets for April 15, 2008','Ready',160,NULL,'HTH Companies',57,NULL,NULL,NULL,NULL,'Outfield Box Section 133',NULL,NULL,NULL,NULL,NULL,'2008-03-26 19:45:41',NULL),(41,'1 Hour massage at Roller & Company','1 Hour massage at Roller & Company','Complete',50,1,'Roller and Co.',31,40,0,65363,'Halt','Encapsulating 12 years of experience focused on you.  1 full hour massage tailored to your needs.  De-Stress, Relax and Enjoy',1,NULL,NULL,NULL,NULL,'2008-03-25 18:13:02',NULL),(42,'1 1/2 Custom Facial at Roller and Co.','1 1/2 Custom Facial at Roller and Co.','Ready',60,NULL,'Roller and Co.',58,NULL,NULL,NULL,NULL,'Be pampered, relaxed and your face rejuvenated during  1 1/2 hour facial extrordinaire',NULL,NULL,NULL,NULL,NULL,'2008-03-26 19:45:41',NULL),(43,'Lunch for 2 at Basket Case','Lunch for 2 at Basket Case','Complete',25,1,'Basket Case Import & Deli',67,25,0,73635,'Halt','Celebrating our 24th year.  Still the best place for Lunch.  Fresh seafood. Daily specials and great desserts.',1,NULL,NULL,NULL,NULL,'2008-03-24 20:29:53',NULL),(44,'Lunch for 4 at Basket Case','Lunch for 4 at Basket Case','Complete',50,0,'Basket Case Import & Deli',30,55,0,64473,'Halt','Celebrating our 24th year.  Still the best place for Lunch.  Fresh seafood. Daily specials and great desserts.',1,NULL,NULL,NULL,NULL,'2008-03-25 17:55:12',NULL),(45,'Dinner for 4 at Creamery Hill','Dinner for 4 at Creamery Hill','Complete',100,1,'Robert and Debra Marfisi',27,125,1,69197,'Halt','Celebrating our 24th year. Still the best dining in Washington, whether you are hungering for a great meal or a special occasion remember Creamery Hill Caf is waiting for you',1,NULL,NULL,NULL,NULL,'2008-03-26 19:15:25',NULL),(46,'Dinner for 2 at Creamery Hill','Dinner for 2 at Creamery Hill','Ready',50,NULL,'Robert and Debra Marfisi',59,NULL,NULL,NULL,NULL,'Still the best dining in Washinton.  Fresh fish, creative pastas and great service.  Menu changes by the season, also offering imaginative catering for your special occasion.',NULL,NULL,NULL,NULL,NULL,'2008-03-26 19:45:41',NULL),(47,'1 1/2 Hour Custom Facial at Roller & Co.','1 1/2 Hour Custom Facial at Roller & Co.','Complete',60,1,'Teton  Consultants',7,35,1,63883,'Halt','',1,NULL,NULL,NULL,NULL,'2008-03-24 17:45:20',NULL),(48,'Lunch for 2 at Basket Case','Lunch for 2 at Basket Case','Complete',25,1,'Stahlhuth & Rudder, LC',29,25,1,65160,'Halt','Call your local legal team of attorneys to handle your personal injury or worker\'s compensation case.',1,NULL,NULL,NULL,NULL,'2008-03-25 18:04:30',NULL),(50,'$50.00 Hillermann Nursery & Florist, Inc.Gift Certificate','$50.00 Hillermann Nursery & Florist, Inc.Gift Certificate','Ready',50,NULL,'Hochschild, Bloom & Company',185,NULL,NULL,NULL,NULL,'Accounting and tax servies; individual and business tax preparation',NULL,NULL,NULL,NULL,NULL,'2008-03-26 19:27:54',NULL),(51,'Dinner for 4 at Creamery Hill','Dinner for 4 at Creamery Hill','Complete',100,0,'Hochschild, Bloom & Company',68,100,0,72054,'Halt','Accounting and tax services; individual and business tax preparation',1,NULL,NULL,NULL,NULL,'2008-03-24 20:00:39',NULL),(52,'Droege\'s BBQ Rib Feast','Droege\'s BBQ Rib Feast','Complete',45,0,'Oltmann Funeral Home',28,45,0,64500,'Halt','Celebrating 100 years of family ownership in 2008!',1,NULL,NULL,NULL,NULL,'2008-03-25 18:04:21',NULL),(53,'Williams Brothers famous 4 oz filet mignon','Williams Brothers famous 4 oz filet mignon','Ready',60,NULL,'Oltmann Funeral Home',60,NULL,NULL,NULL,NULL,'Celebrating 100 years for family ownership in 2008',NULL,NULL,NULL,NULL,NULL,'2008-03-26 19:45:41',NULL),(54,'2 Sirloin Dinners with buffet and Sundae Bar','2 Sirloin Dinners with buffet and Sundae Bar','Complete',22,0,'Ponderosa',76,20,1,73577,'Halt','',1,NULL,NULL,NULL,NULL,'2008-03-24 20:28:41',NULL),(55,'2 Sirloin Dinners with buffet and Sundae Bar','2 Sirloin Dinners with buffet and Sundae Bar','Complete',22,1,'Ponderosa',27,20,0,64579,'Halt','',1,NULL,NULL,NULL,NULL,'2008-03-25 17:57:22',NULL),(56,'2 Sirloin Dinners with buffet and Sundae Bar','2 Sirloin Dinners with buffet and Sundae Bar','Complete',22,1,'Ponderosa',29,15,1,69838,'Halt','',1,NULL,NULL,NULL,NULL,'2008-03-26 19:21:12',NULL),(57,'2 Sirloin Dinners with buffet and Sundae Bar','2 Sirloin Dinners with buffet and Sundae Bar','Ready',22,NULL,'Ponderosa',61,NULL,NULL,NULL,NULL,'',NULL,NULL,NULL,NULL,NULL,'2008-03-26 19:45:41',NULL),(58,'$100.00 Gift Certificate to Krawitz Tire and Auto','$100.00 Gift Certificate to Krawitz Tire and Auto','Complete',100,1,'Krawitz Tire & Auto',8,100,1,63632,'Halt','Call Joe at 636-239-6668 for excellent service',1,NULL,NULL,NULL,NULL,'2008-03-24 17:42:11',NULL),(59,'$50.00 Gift Certificat to Time to Travel','$50.00 Gift Certificat to Time to Travel','Complete',50,0,'Time to Travel',62,35,0,71936,'Halt','Call Andy at 636-239-3040 for all your travel needs',1,NULL,NULL,NULL,NULL,'2008-03-24 20:01:35',NULL),(60,'$50.00 Gift Certificate to Time to Travel','$50.00 Gift Certificate to Time to Travel','Complete',50,1,'Time to Travel',66,40,0,66544,'Halt','call Andy  @636-239-3040 for all your travel needs',1,NULL,NULL,NULL,NULL,'2008-03-26 18:29:50',NULL),(61,'36: Busdwiser Clydesday Pool Table Light','36: Busdwiser Clydesday Pool Table Light','Complete',200,1,'Thomas & Kimra Coons',25,150,0,65341,'Halt','',1,NULL,NULL,NULL,NULL,'2008-03-25 18:13:00',NULL),(62,'4 - 17oz Commuter Mugs in Blue, Red, Green and White','4 - 17oz Commuter Mugs in Blue, Red, Green and White','Complete',32,0,'Quick Point',51,20,1,63591,'Halt','Mede from 100% corn plastic - Eco Friendly',1,NULL,NULL,NULL,NULL,'2008-03-26 17:38:01',NULL),(63,'$59.85 YHTI Gift Certificate','$59.85 YHTI Gift Certificate','Complete',59,0,'YHTI',66,59,0,67583,'Halt','YHTI Internet',1,NULL,NULL,NULL,NULL,'2008-03-25 18:47:04',NULL),(64,'$59.85 YHTI Gift Certificate','$59.85 YHTI Gift Certificate','Ready',59,NULL,'YHTI',62,NULL,NULL,NULL,NULL,'YHTI Intenet',NULL,NULL,NULL,NULL,NULL,'2008-03-26 19:45:41',NULL),(65,'$25.00 Gourmet Caf Gift Certificate','$25.00 Gourmet Caf Gift Certificate','Ready',0,NULL,'Gourmet Caf',63,NULL,NULL,NULL,NULL,'',NULL,NULL,NULL,NULL,NULL,'2008-03-26 19:45:41',NULL),(66,'5\' Billiard Ball Pool Table Lamp with 3 Glass Shades','5\' Billiard Ball Pool Table Lamp with 3 Glass Shades','Complete',350,1,'Tom & Kimra Coons',9,150,1,65406,'Halt','',1,NULL,NULL,NULL,NULL,'2008-03-24 18:09:34',NULL),(67,'In Home Design Consultation','In Home Design Consultation','Complete',125,0,'Country Manor Decorating',45,20,1,67083,'Halt','',1,NULL,NULL,NULL,NULL,'2008-03-25 18:35:18',NULL),(68,'$50.00 Mid American Tours Gift Certificate','$50.00 Mid American Tours Gift Certificate','Complete',50,0,'Mid American Coaches',75,50,0,66343,'Halt','Making your travel dreams a reality',1,NULL,NULL,NULL,NULL,'2008-03-26 18:25:53',NULL),(69,'Lunch for 2 at Basket Case','Lunch for 2 at Basket Case','Ready',25,NULL,'American Family Insurance',64,NULL,NULL,NULL,NULL,'Rely on Bob Coleman - American Family Insurance for all your insurance needs',NULL,NULL,NULL,NULL,NULL,'2008-03-26 19:45:41',NULL),(70,'Droege\'s Six (6) US choice KC 12 oz strip steaks','Droege\'s Six (6) US choice KC 12 oz strip steaks','Complete',45,0,'American Family Insurance',10,45,1,63355,'Halt','Rob Vossbrink - American Family Insurance.  See Rob for all of your insurance needs.',1,NULL,NULL,NULL,NULL,'2008-03-24 17:35:19',NULL),(71,'Dinner for 4 at Creamery Hill','Dinner for 4 at Creamery Hill','Complete',100,1,'Moore Gear Manufacturing',28,90,0,73502,'Halt','Makers of quality gears and gear racks',1,NULL,NULL,NULL,NULL,'2008-03-25 20:22:16',NULL),(72,'Dinner for 4 at Creamery Hill','Dinner for 4 at Creamery Hill','Complete',100,0,'Missouri Occupational Medicine',35,90,0,70196,'Halt','',1,NULL,NULL,NULL,NULL,'2008-03-26 19:32:40',NULL),(73,'One Adult Season Pass to the 2008 Washington Town & Country Fair','One Adult Season Pass to the 2008 Washington Town & Country Fair','Complete',40,0,'Ameren UE',11,40,1,63274,'Halt','',1,NULL,NULL,NULL,NULL,'2008-03-24 17:34:59',NULL),(74,'One Adult Season Pass to the 2008 Washington Town & Country Fair','One Adult Season Pass to the 2008 Washington Town & Country Fair','Ready',40,NULL,'Ameren UE',65,NULL,NULL,NULL,NULL,'',NULL,NULL,NULL,NULL,NULL,'2008-03-26 19:45:41',NULL),(75,'Williams Bros. Natural Hickory smoked bone-in ham','Williams Bros. Natural Hickory smoked bone-in ham','Ready',60,NULL,'Little Rascals Preschool',66,NULL,NULL,NULL,NULL,'Now enrolling for Fall 2008.  Call 239-5629',NULL,NULL,NULL,NULL,NULL,'2008-03-26 19:45:41',NULL),(76,'2nd Night Stay in King Room Free w/ Purchase of 1st Night','2nd Night Stay in King Room Free w/ Purchase of 1st Night','Complete',99,1,'BRICK INN B AND B',12,25,0,64592,'Halt','Located at 516 W. Third Street in Washington, MO  636-390-3264.  Subject to Availability',1,NULL,NULL,NULL,NULL,'2008-03-24 17:57:20',NULL),(77,'4 Cardinals vs. Cubs Tickets for July 4th','4 Cardinals vs. Cubs Tickets for July 4th','Complete',180,0,'Dr. H. Groves Cooke',24,230,0,65193,'Halt','Section 155 Row 13 seats 5-8',1,NULL,NULL,NULL,NULL,'2008-03-25 18:09:01',NULL),(78,'$50.00 Gift Certificate to Starcrest Cleaners','$50.00 Gift Certificate to Starcrest Cleaners','Complete',50,1,'Starcrest Cleaners',13,45,1,63594,'Halt','Bright Ideas in dry cleaning',1,NULL,NULL,NULL,NULL,'2008-03-24 17:42:14',NULL),(79,'$50.00 Gift Certificate to Starcrest Cleaners','$50.00 Gift Certificate to Starcrest Cleaners','Complete',50,1,'Starcrest Cleaners',73,40,1,66107,'Halt','Bright Ideas in dry cleaning',1,NULL,NULL,NULL,NULL,'2008-03-26 18:20:29',NULL),(80,'$25.00 Rainbow International Gift Certificate','$25.00 Rainbow International Gift Certificate','Complete',25,1,'Rainbow Inter. Carpet',72,25,1,65888,'Halt','Carpet and upholstery cleaning.',1,NULL,NULL,NULL,NULL,'2008-03-26 18:15:08',NULL),(81,'Three Month Full Adult Membership','Three Month Full Adult Membership','Complete',129,1,'Four Rivers Area YMCA',14,95,1,63943,'Halt','Can be used for a new or existing membership',1,NULL,NULL,NULL,NULL,'2008-03-24 17:45:39',NULL),(82,'Three Month Full Adult Membership','Three Month Full Adult Membership','Complete',129,0,'Four Rivers Area YMCA',71,90,0,66549,'Halt','Can be used for a new or existing membership',1,NULL,NULL,NULL,NULL,'2008-03-26 18:28:33',NULL),(83,'Three Month Full Family Membership','Three Month Full Family Membership','Complete',192,1,'Four Rivers Area YMCA',23,175,1,65219,'Halt','Can be used for a new or existing membership',1,NULL,NULL,NULL,NULL,'2008-03-25 18:04:46',NULL),(84,'Three Month Full Family Membership','Three Month Full Family Membership','Ready',192,NULL,'Four Rivers Area YMCA',67,NULL,NULL,NULL,NULL,'Can be used for a new or existing membership',NULL,NULL,NULL,NULL,NULL,'2008-03-26 19:45:41',NULL),(85,'500 Magnetic Business Cards','500 Magnetic Business Cards','Ready',160,NULL,'Magnet LLC',68,NULL,NULL,NULL,NULL,'',NULL,NULL,NULL,NULL,NULL,'2008-03-26 19:45:41',NULL),(86,'Swing Dance Class for a Couple June 12-17, 7:00-8:30pm','Swing Dance Class for a Couple June 12-17, 7:00-8:30pm','Complete',55,1,'East Central College',46,30,0,67089,'Halt','For information on this and many other fun Community Education opportunities call 636-583-5193 x 2410 to get a full schedule mailed to your home',1,NULL,NULL,NULL,NULL,'2008-03-25 18:37:52',NULL),(87,'Summer Fitness Center Membership, June 9th - July 31st.','Summer Fitness Center Membership, June 9th - July 31st.','Ready',55,NULL,'East Central College',69,NULL,NULL,NULL,NULL,'Morning and evening hours are available Monday through Thursdays.  To get more information about this and many other \'summer camps for kids\' call 636-583-5193 ext 2410 to get a schedule mailed to your home.',NULL,NULL,NULL,NULL,NULL,'2008-03-26 19:45:41',NULL),(88,'$30.00 Schulte\'s Bakery Gift Certificate','$30.00 Schulte\'s Bakery Gift Certificate','Complete',30,0,'Schulte\'s Bakery',77,30,0,74037,'Halt','Family owned, in Washington, for over 45 years.',1,NULL,NULL,NULL,NULL,'2008-03-24 20:34:38',NULL),(89,'$30.00 Schulte\'s Bakery Gift Certificate','$30.00 Schulte\'s Bakery Gift Certificate','Complete',30,1,'Schulte\'s Bakery',22,30,0,64271,'Halt','Family owned, in Washington, for over 45 years.',1,NULL,NULL,NULL,NULL,'2008-03-25 17:51:28',NULL),(90,'$30.00 Schulte\'s Bakery Gift Certificate','$30.00 Schulte\'s Bakery Gift Certificate','Complete',30,1,'Schulte\'s Bakery',81,30,1,66924,'Halt','Family owned, in Washington, for over 45 years.',1,NULL,NULL,NULL,NULL,'2008-03-26 18:34:03',NULL),(91,'$30.00 Schulte\'s Bakery Gift Certificate','$30.00 Schulte\'s Bakery Gift Certificate','Ready',30,NULL,'Schulte\'s Bakery',70,NULL,NULL,NULL,NULL,'Family owned, in Washington, for over 45 years.',NULL,NULL,NULL,NULL,NULL,'2008-03-26 19:45:41',NULL),(92,'$25.00 worth of Product from Tom\'s Barber Shop','$25.00 worth of Product from Tom\'s Barber Shop','Complete',25,0,'Tom\'s Barber Shop',44,10,0,70141,'Halt','Tom\'s\' Barber Shop, 203 West Main in Downtown Washington',1,NULL,NULL,NULL,NULL,'2008-03-24 19:28:36',NULL),(93,'Lunch for 4 at Basket Case','Lunch for 4 at Basket Case','Complete',50,1,'Wachovia Securities - Andy Beckermann',26,55,1,71797,'Halt','',1,NULL,NULL,NULL,NULL,'2008-03-25 19:56:41',NULL),(94,'$50 Dusty Attic Antiques Gift Certificate towards a purchase of $100 or more','$50 Dusty Attic Antiques Gift Certificate towards a purchase of $100 or more','Complete',50,1,'Dusty Attic Antiques',89,35,1,67577,'Halt','Voted #1 Antique Shop in the 2007 Washington Missourian Readers Poll.  Located 6 miles west of Washington on Hwy 100',1,NULL,NULL,NULL,NULL,'2008-03-26 18:56:51',NULL),(95,'$50.00 Schroeder Drug Store Gift Certificate','$50.00 Schroeder Drug Store Gift Certificate','Ready',50,NULL,'Schroeder Drug Store',71,NULL,NULL,NULL,NULL,'Your hometown drug store.  Visit our store in Downtown Washington or at Patients First',NULL,NULL,NULL,NULL,NULL,'2008-03-26 19:45:41',NULL),(96,'Williams Brothers famous 4 oz filet mignon','Williams Brothers famous 4 oz filet mignon','Complete',60,1,'Reniassance Financial Inc. - Tim Wunderlich',80,60,1,67307,'Halt','Serving small business & individual clients with their complete financial planning needs.',1,NULL,NULL,NULL,NULL,'2008-03-26 18:38:41',NULL),(97,'$35.00 Aldo\'s Restaurant Gift Certificate','$35.00 Aldo\'s Restaurant Gift Certificate','Complete',35,0,'reniassance Financial Inc.-Tim Wunderlich',38,35,0,70251,'Halt','Serving small business & individual clients with their complete financial planning needs.',1,NULL,NULL,NULL,NULL,'2008-03-26 19:30:08',NULL),(98,'Fas-Trip Gift Basket - gas card, carwash card, Lion\'s Choice Gift Card and other Misc items','Fas-Trip Gift Basket - gas card, carwash card, Lion\'s Choice Gift Card and other Misc items','Complete',100,1,'Fas-Trip Convience Store',88,80,1,67963,'Halt','For your gas, coffee, and miscellaneous items, come to Fast-Trip C-Stores',1,NULL,NULL,NULL,NULL,'2008-03-26 18:54:10',NULL),(99,'Fas-Trip Gift Basket - gas card, carwash card, Lion\'s Choice Gift Card and other Misc items','Fas-Trip Gift Basket - gas card, carwash card, Lion\'s Choice Gift Card and other Misc items','Complete',100,1,'Fas-Trip Convience Store',76,85,1,67284,'Halt','For your gas, coffee, and miscellaneous items, come to Fast-Trip C-Stores',1,NULL,NULL,NULL,NULL,'2008-03-26 18:41:12',NULL),(100,'Fas-Trip Gift Basket - gas card, carwash card, Lion\'s Choice Gift Card and other Misc items','Fas-Trip Gift Basket - gas card, carwash card, Lion\'s Choice Gift Card and other Misc items','Ready',100,NULL,'Fas-Trip Convience Store',72,NULL,NULL,NULL,NULL,'For your gas, coffee, and miscellaneous items, come to Fast-Trip C-Stores',NULL,NULL,NULL,NULL,NULL,'2008-03-26 19:45:41',NULL),(101,'Tommy Hilfiger UV Protected Sunwear','Tommy Hilfiger UV Protected Sunwear','Complete',100,1,'Obermark Optometry',20,70,0,65524,'Halt','Obermark Optometry - stop by their 222 West Main Street location in downtown Washington to pick up your UV Protected Tommy Hilfiger Sunwear.  Nice Sunwear!!  Bid Early!!',1,NULL,NULL,NULL,NULL,'2008-03-24 18:14:06',NULL),(102,'Sylvan Skills Assessment','Sylvan Skills Assessment','Complete',235,0,'Sylvan Learning Center',72,30,1,74604,'Halt','Sylvan Learning Center - stop by their 6244 Highwy 100 location to pick up your Sylvan Skills Assessment Certificate. \"\"Catch up, Keep up, Get Ahead\"\"!',1,NULL,NULL,NULL,NULL,'2008-03-24 20:42:42',NULL),(103,'Sylvan Skills Assessment','Sylvan Skills Assessment','Complete',235,1,'Sylvan Learning Center',40,50,0,62865,'Halt','Sylvan Learning Center - stop by their 6244 Highwy 100 location to pick up your Sylvan Skills Assessment Certificate. \"\"Catch up, Keep up, Get Ahead\"\"!',1,NULL,NULL,NULL,NULL,'2008-03-26 17:28:49',NULL),(104,'One 1 hour Golf Lesson with Sam Goulden','One 1 hour Golf Lesson with Sam Goulden','Complete',80,1,'Wolf Hollow Golf Course - Sam Goulden',21,60,0,64542,'Halt','Helping golfers understand their swing and take it to the course',1,NULL,NULL,NULL,NULL,'2008-03-25 17:56:42',NULL),(105,'Four (4) Weekend 18 Hole Green Fess with Cart','Four (4) Weekend 18 Hole Green Fess with Cart','Complete',168,1,'Wolf Hollow Golf Course',59,100,0,64774,'Halt','Now with the Vector Pro Launch Monitor - the best way to fit clubs to your game.',1,NULL,NULL,NULL,NULL,'2008-03-26 17:59:14',NULL),(106,'Eight (8) 18 Hole Green Fees w/Cart  (Mon-Fri)','Eight (8) 18 Hole Green Fees w/Cart  (Mon-Fri)','Ready',216,NULL,'Wolf Hollow Golf Course',73,NULL,NULL,NULL,NULL,'Now with the Vector Pro Launch Monitor - the best way to fit clubs to your game.',NULL,NULL,NULL,NULL,NULL,'2008-03-26 19:45:41',NULL),(107,'Two (2) 1/2 hour Golf Lessons with Mike Weirich','Two (2) 1/2 hour Golf Lessons with Mike Weirich','Complete',80,1,'wolf Hollow Golf Course - Mike Weirich',19,40,1,64349,'Halt','Start your season off right with lessons from the Professionals at Wolf Hollow',1,NULL,NULL,NULL,NULL,'2008-03-24 17:51:40',NULL),(108,'Universal Media Dual Screen Portable DVD System','Universal Media Dual Screen Portable DVD System','Complete',399,1,'Modern Auto',20,230,1,67779,'Halt','Modern Auto is your only full line General Motors dealer in Franklin County.  We sell, service and repair Chevrolet, Buick, Pontiac, GMC, Cadillac and GM medium duty trucks.',1,NULL,NULL,NULL,NULL,'2008-03-25 18:49:36',NULL),(109,'Truck Bug Shield','Truck Bug Shield','Bidding',70,1,'Accessories Unlimited LLC',48,40,0,72506,NULL,'Stop by Accessories Unlimited for all of your automotive accessories.',1,NULL,NULL,NULL,NULL,'2008-03-26 20:05:09',NULL),(110,'Four Rams Pre-season Tickets','Four Rams Pre-season Tickets','Complete',200,0,'HAZEL INVESTMENTS, LP',64,110,0,72610,'Halt','Good luck to the Washington Rotary Club Radio Auction',1,NULL,NULL,NULL,NULL,'2008-03-24 20:11:56',NULL),(111,'Four Rams Pre-season Tickets','Four Rams Pre-season Tickets','Complete',200,0,'HAZEL INVESTMENTS, LP',34,150,0,69851,'Halt','Good luck to the Washington Rotary Club Radio Auction',1,NULL,NULL,NULL,NULL,'2008-03-26 19:25:39',NULL),(112,'Four Rams Pre-season Tickets','Four Rams Pre-season Tickets','Ready',200,NULL,'HAZEL INVESTMENTS, LP',74,NULL,NULL,NULL,NULL,'Good luck to the Washington Rotary Club Radio Auction',NULL,NULL,NULL,NULL,NULL,'2008-03-26 19:45:41',NULL),(113,'$50.00 Advanced Sight Center Gift Certificate','$50.00 Advanced Sight Center Gift Certificate','Complete',50,0,'Advanced Sight Center, Inc.',43,20,0,70893,'Halt','come to Advanced Sight Center for your eyecare needs.  Gift certificate can be used towards the purchase of prescription glasses or sunglasses.',1,NULL,NULL,NULL,NULL,'2008-03-24 19:43:33',NULL),(114,'$50.00 Advanced Sight Center Gift Certificate','$50.00 Advanced Sight Center Gift Certificate','Complete',50,0,'Advanced Sight Center, Inc.',83,20,0,67264,'Halt','come to Advanced Sight Center for your eyecare needs.  Gift certificate can be used towards the purchase of prescription glasses or sunglasses.',1,NULL,NULL,NULL,NULL,'2008-03-26 18:40:33',NULL),(115,'Free Lasik Exam','Free Lasik Exam','Complete',200,1,'Advanced Sight Center, Inc.',19,10,0,66451,'Halt','Come to Advanced Sight Center for your eyecare needs.',1,NULL,NULL,NULL,NULL,'2008-03-25 18:25:50',NULL),(116,'$100 off Insurance Deductible at Mobile Glass','$100 off Insurance Deductible at Mobile Glass','Complete',100,1,'Mobile Glass Service',40,15,0,71728,'Halt','In shop replacement only.',1,NULL,NULL,NULL,NULL,'2008-03-24 19:56:40',NULL),(117,'$100 off Insurance Deductible at Mobile Glass','$100 off Insurance Deductible at Mobile Glass','Complete',100,1,'Mobile Glass Service',25,25,0,73491,'Halt','In shop replacement only.',1,NULL,NULL,NULL,NULL,'2008-03-25 20:22:09',NULL),(118,'$100 off Insurance Deductible at Mobile Glass','$100 off Insurance Deductible at Mobile Glass','Complete',100,0,'Mobile Glass Service',95,15,0,68780,'Halt','In shop replacement only.',1,NULL,NULL,NULL,NULL,'2008-03-26 19:04:23',NULL),(119,'$100 off Insurance Deductible at Mobile Glass','$100 off Insurance Deductible at Mobile Glass','Ready',100,NULL,'Mobile Glass Service',75,NULL,NULL,NULL,NULL,'In shop replacement only.',NULL,NULL,NULL,NULL,NULL,'2008-03-26 19:45:41',NULL),(120,'Spa Manicure and Pedicure','Spa Manicure and Pedicure','Complete',54,0,'The Body Natural',18,45,0,64416,'Halt','Daily health rituals & practices can awaken our environment with great purpose & clairty.  Come in & experience plant-based aromatherapy in a relaxing atmosphere.',1,NULL,NULL,NULL,NULL,'2008-03-24 17:55:45',NULL),(121,'Spa Manicure and Pedicure','Spa Manicure and Pedicure','Complete',54,1,'The Body Natural',55,45,1,63996,'Halt','Daily health rituals & practices can awaken our environment with great purpose & clairty.  Come in & experience plant-based aromatherapy in a relaxing atmosphere.',1,NULL,NULL,NULL,NULL,'2008-03-26 17:45:01',NULL),(122,'One Hour Massage','One Hour Massage','Complete',50,0,'The Body Natural',18,40,0,63868,'Halt','Daily health rituals & practices can awaken our environment with great purpose & clairty.  Come in & experience plant-based aromatherapy in a relaxing atmosphere.',1,NULL,NULL,NULL,NULL,'2008-03-25 17:45:16',NULL),(123,'One Hour Massage','One Hour Massage','Ready',50,NULL,'The Body Natural',76,NULL,NULL,NULL,NULL,'Daily health rituals & practices can awaken our environment with great purpose & clairty.  Come in & experience plant-based aromatherapy in a relaxing atmosphere.',NULL,NULL,NULL,NULL,NULL,'2008-03-26 19:45:41',NULL),(124,'$900 Commercial Photography Package 1/2 day studio or lacation time and  high res digital images','$900 Commercial Photography Package 1/2 day studio or lacation time and  high res digital images','Ready',900,NULL,'Curt Dennison Photography',77,NULL,NULL,NULL,NULL,'Proper lighting, composition and layout show off your business as professional and successful.  You can have your business, product, or service stand out from the rest by using top-quality photos in all our your advertising.',NULL,NULL,NULL,NULL,NULL,'2008-03-26 19:45:41',NULL),(125,'Lunch for 2 at Basket Case','Lunch for 2 at Basket Case','Complete',25,1,'ManPower Services',62,30,0,72871,'Halt','We lead in the creation and delivery of services that enable our clients to win in the changing world of work.',1,NULL,NULL,NULL,NULL,'2008-03-24 20:16:01',NULL),(126,'8\"\" Round Frozen Cake','8\"\" Round Frozen Cake','Complete',17,0,'Dairy Queen',17,15,0,63446,'Halt','Come in th the Washington Dairy Queen, home of the blizzard, for 2 for $2.00 cheeseburgers or for an ice cream cake.',1,NULL,NULL,NULL,NULL,'2008-03-24 17:33:31',NULL),(127,'8\"\" Round Frozen Cake','8\"\" Round Frozen Cake','Complete',17,0,'Dairy Queen',17,17,0,63482,'Halt','Come in th the Washington Dairy Queen, home of the blizzard, for 2 for $2.00 cheeseburgers or for an ice cream cake.',1,NULL,NULL,NULL,NULL,'2008-03-25 17:38:12',NULL),(128,'8\"\" Round Frozen Cake','8\"\" Round Frozen Cake','Complete',17,0,'Dairy Queen',39,25,1,71303,'Halt','Come in th the Washington Dairy Queen, home of the blizzard, for 2 for $2.00 cheeseburgers or for an ice cream cake.',1,NULL,NULL,NULL,NULL,'2008-03-26 19:48:28',NULL),(129,'8\"\" Round Frozen Cake','8\"\" Round Frozen Cake','Ready',17,NULL,'Dairy Queen',78,NULL,NULL,NULL,NULL,'Come in th the Washington Dairy Queen, home of the blizzard, for 2 for $2.00 cheeseburgers or for an ice cream cake.',NULL,NULL,NULL,NULL,NULL,'2008-03-26 19:45:41',NULL),(130,'$150.00 Dog House Woodworking Gift Certificate','$150.00 Dog House Woodworking Gift Certificate','Complete',150,0,'Dog House Woodworking - Greg Skornia',16,80,0,64698,'Halt','Call Greg Skornia @ 636-239-7982 for your furniture repair and refinishing or for custom woodworking',1,NULL,NULL,NULL,NULL,'2008-03-25 18:04:17',NULL),(131,'$150.00 Dog House Woodworking Gift Certificate','$150.00 Dog House Woodworking Gift Certificate','Complete',150,1,'Dog House Woodworking - Greg Skornia',16,100,0,64624,'Halt','Call Greg Skornia @ 636-239-7982 for your furniture repair and refinishing or for custom woodworking',1,NULL,NULL,NULL,NULL,'2008-03-24 17:57:06',NULL),(132,'Grant Food Party (100 pieces of Droege\'s Famous Fried Chicken and sides)','Grant Food Party (100 pieces of Droege\'s Famous Fried Chicken and sides)','Complete',150,1,'Droege\'s Supermarket',14,150,1,63901,'Halt','Call 239-6765 2 weeks in advance to order.  Package includes:  100 pieces of Droege\'s Famous Fried Chicken, 10# of potato salad, 10# of coleslaw, 50 rolls and butter and 10 Two liter pepsi products.',1,NULL,NULL,NULL,NULL,'2008-03-25 17:41:18',NULL),(133,'Accu-Chek Advantage Diabetes Monituring Kit','Accu-Chek Advantage Diabetes Monituring Kit','Complete',87,0,'Hall\'s Pharmacy, Inc.',82,10,0,68677,'Halt','Located at Krakow Korners in Washington.  Offering free delivery service and senior discount.  Please call 636-390-2828',1,NULL,NULL,NULL,NULL,'2008-03-26 19:03:21',NULL),(134,'$30.00 Hillermann Nursery & Florist, Inc. Gift Certificate','$30.00 Hillermann Nursery & Florist, Inc. Gift Certificate','Complete',30,1,'Country Living Real Estate, Inc.',69,25,0,73828,'Halt','',1,NULL,NULL,NULL,NULL,'2008-03-24 20:30:10',NULL),(135,'$30.00 Hillermann Nursery & Florist, Inc. Gift Certificate','$30.00 Hillermann Nursery & Florist, Inc. Gift Certificate','Complete',30,1,'Country Living Real Estate, Inc.',15,30,0,63392,'Halt','',1,NULL,NULL,NULL,NULL,'2008-03-25 17:39:41',NULL),(136,'$30.00 Hillermann Nursery & Florist, Inc. Gift Certificate','$30.00 Hillermann Nursery & Florist, Inc. Gift Certificate','Complete',30,0,'Country Living Real Estate, Inc.',85,30,0,67067,'Halt','',1,NULL,NULL,NULL,NULL,'2008-03-26 18:36:22',NULL),(137,'$30.00 Hillermann Nursery & Florist, Inc. Gift Certificate','$30.00 Hillermann Nursery & Florist, Inc. Gift Certificate','Ready',30,NULL,'Country Living Real Estate, Inc.',79,NULL,NULL,NULL,NULL,'',NULL,NULL,NULL,NULL,NULL,'2008-03-26 19:45:41',NULL),(138,'Droege\'s Famous Fried Chicken Dinner for eight','Droege\'s Famous Fried Chicken Dinner for eight','Ready',40,NULL,'Joanna Eiermann Farmers Insurance Group',80,NULL,NULL,NULL,NULL,'Call Joanna for all your insurance needs - 239-1172',NULL,NULL,NULL,NULL,NULL,'2008-03-26 19:45:41',NULL),(139,'2 Weekend 18 hole green fees w/cart at Wolf Hollow','2 Weekend 18 hole green fees w/cart at Wolf Hollow','Complete',84,1,'American National Insurance - Larry Frick',63,80,0,72249,'Halt','Call Larry for all your insurance needs.  239-6177',1,NULL,NULL,NULL,NULL,'2008-03-24 20:16:25',NULL),(140,'2 Monday-Friday 18 hole green fee w/cart at Wolf Hollow','2 Monday-Friday 18 hole green fee w/cart at Wolf Hollow','Complete',50,0,'United Mutual Insurance Company',13,40,0,64359,'Halt','Your Hometown alternative for insurance.   Come Home to United Mutual Insurance.',1,NULL,NULL,NULL,NULL,'2008-03-25 17:56:16',NULL),(141,'Droege\'s BBQ Package','Droege\'s BBQ Package','Ready',45,NULL,'United Mutual Insurance Company',81,NULL,NULL,NULL,NULL,'Your Hometown alternative for insurance.   Come Home to United Mutual Insurance.',NULL,NULL,NULL,NULL,NULL,'2008-03-26 19:45:41',NULL),(142,'Droege\'s BBQ Package','Droege\'s BBQ Package','Complete',45,1,'Dan Yoest Ins. Agency',14,45,0,69192,'Halt','For all your insurance needs call the Dan Yoest Agency 239-1130 or in Union 583-3822',1,NULL,NULL,NULL,NULL,'2008-03-25 19:15:23',NULL),(143,'2 Cardinal Tickets Section 164, Row 6','2 Cardinal Tickets Section 164, Row 6','Bidding',80,0,'Shelter Ins. - Dave Hackman',46,65,1,71449,NULL,'For all your insurance needs, call Dave @ 239-3737  211 Jefferson Street in Washington,  Tickets are for a mutually agreed upon date.',1,NULL,NULL,NULL,NULL,'2008-03-26 19:46:34',NULL),(144,'$25.00 Gift Certificate to The Art Center','$25.00 Gift Certificate to The Art Center','Ready',25,NULL,'The Art Center',82,NULL,NULL,NULL,NULL,'Visit the Art Center for framing and art gallery.',NULL,NULL,NULL,NULL,NULL,'2008-03-26 19:45:41',NULL),(145,'2 Adult and 2 Children Tickets to the Town & Country Fair','2 Adult and 2 Children Tickets to the Town & Country Fair','Complete',130,1,'Fair Board and Washington Area Chamber of Commerce',11,115,0,67111,'Halt','',1,NULL,NULL,NULL,NULL,'2008-03-24 18:41:50',NULL),(146,'Whole Hog and Processing','Whole Hog and Processing','Complete',140,1,'Deppe Farms, Inc.',18,165,1,69723,'Halt','',1,NULL,NULL,NULL,NULL,'2008-03-25 19:23:47',NULL),(147,'8# Sliced Hickory Smoked Home Cured Bacon','8# Sliced Hickory Smoked Home Cured Bacon','Complete',32,0,'Voss Market',74,32,1,73120,'Halt','',1,NULL,NULL,NULL,NULL,'2008-03-24 20:18:21',NULL),(148,'8# Sliced Hickory Smoked Home Cured Bacon','8# Sliced Hickory Smoked Home Cured Bacon','Complete',32,0,'Voss Market',97,32,0,67913,'Halt','',1,NULL,NULL,NULL,NULL,'2008-03-26 18:49:59',NULL),(149,'1 Night Stay at La Dolce Vita Winery and Bed & Breakfast','1 Night Stay at La Dolce Vita Winery and Bed & Breakfast','Complete',190,0,'La Dolce Vita Winery & Bed & Breakfast',108,130,1,71806,'Halt','la Dolce Vita winery is located in the hostoric Zachariah Foss House on the Washington Riverfront',1,NULL,NULL,NULL,NULL,'2008-03-26 19:59:59',NULL),(150,'2 VIP Passes to the Nascar 2008 Craftsman Truck Race at Gateway','2 VIP Passes to the Nascar 2008 Craftsman Truck Race at Gateway','Ready',150,NULL,'Kurt Voss, Attorney at Law',83,NULL,NULL,NULL,NULL,'Kurt Voss, Attorney at Law',NULL,NULL,NULL,NULL,NULL,'2008-03-26 19:45:41',NULL),(151,'2 MIZZOU Tickets and a Tailgate Party!','2 MIZZOU Tickets and a Tailgate Party!','Complete',150,0,'Kurt Voss, Attorney at Law',73,175,0,73982,'Halt','Help us cheer the Tigers on to another great year.  Pick a game in September to enjoy and we will provide the tailgate party.  GO TIGERS!!',1,NULL,NULL,NULL,NULL,'2008-03-24 20:34:24',NULL),(152,'Oakley Pro M Frame (outfielder sunglasses) Red Frame - Black Lens','Oakley Pro M Frame (outfielder sunglasses) Red Frame - Black Lens','Complete',150,0,'J & W Cycles',34,75,1,66521,'Halt','J & W Cycles, providing the area with motorcycles, ATV\'s, Utility vehicles and watercraft for over 30 years.',1,NULL,NULL,NULL,NULL,'2008-03-25 18:27:59',NULL),(153,'Dinner for 2 at Creamery Hill','Dinner for 2 at Creamery Hill','Complete',50,0,'Zick, Voss & Politte, P.C.',15,45,0,69335,'Halt','Located in Historic Downtown Washington',1,NULL,NULL,NULL,NULL,'2008-03-25 19:17:19',NULL),(154,'Dinner for 2 at Creamery Hill','Dinner for 2 at Creamery Hill','Ready',50,NULL,'Town & Country Title',84,NULL,NULL,NULL,NULL,'See Wendy Zick at Town and Country Title for your real estate closing needs.',NULL,NULL,NULL,NULL,NULL,'2008-03-26 19:45:41',NULL),(155,'Williams Bros. Beef and Reef pkg','Williams Bros. Beef and Reef pkg','Complete',90,1,'Countywide Oral & Maxillofacial Surgery',31,90,0,71639,'Halt','Michael J. Pernoud, DDS.  Countywide Oral and Maxillofacial Surgery',1,NULL,NULL,NULL,NULL,'2008-03-26 19:50:42',NULL),(157,'Oral B Electric Toothbrush','Oral B Electric Toothbrush','Complete',100,0,'Dr. Jackie Miller',15,50,0,64765,'Halt','Dr. Jackie Miller, Othodontist - We create beautiful smiles.',1,NULL,NULL,NULL,NULL,'2008-03-24 17:59:40',NULL),(158,'$50.00 Altemueller Jewelry Store Gift Certificate','$50.00 Altemueller Jewelry Store Gift Certificate','Complete',50,0,'Altemueller Jewelry Store',12,30,1,62712,'Halt','Diamonds, fine jewlry, gifts and collectibles - all with the best selection, service, price and integrity.',1,NULL,NULL,NULL,NULL,'2008-03-25 17:21:30',NULL),(159,'$50.00 Altemueller Jewelry Store Gift Certificate','$50.00 Altemueller Jewelry Store Gift Certificate','Complete',50,0,'Altemueller Jewelry Store',107,50,0,69104,'Halt','Diamonds, fine jewlry, gifts and collectibles - all with the best selection, service, price and integrity.',1,NULL,NULL,NULL,NULL,'2008-03-26 19:15:12',NULL),(160,'$30.00 Applebee\'s Bar and Grill Gift Certificate','$30.00 Applebee\'s Bar and Grill Gift Certificate','Ready',30,NULL,'Applebee\'s Bar and Grill',85,NULL,NULL,NULL,NULL,'New Pick \'n\' Pair Luncd Combos Now Available',NULL,NULL,NULL,NULL,NULL,'2008-03-26 19:45:41',NULL),(161,'$30.00 Hillermann Nursery & Florist, Inc. Gift Certificate','$30.00 Hillermann Nursery & Florist, Inc. Gift Certificate','Complete',30,1,'Michael Hoelscher CPA',36,30,0,69331,'Halt','Located at 1210 Jefferson Street, 239-5005.  Mike is celebrating 30 years in 2008.',1,NULL,NULL,NULL,NULL,'2008-03-24 19:16:17',NULL),(162,'$30.00 Hillermann Nursery & Florist, Inc. Gift Certificate','$30.00 Hillermann Nursery & Florist, Inc. Gift Certificate','Complete',30,0,'Michael Hoelscher CPA',13,35,1,69075,'Halt','Located at 1210 Jefferson Street, 239-5005.  Mike is celebrating 30 years in 2008.',1,NULL,NULL,NULL,NULL,'2008-03-25 19:11:12',NULL),(163,'$35.00 Aldo\'s Restaurant Gift Certificate','$35.00 Aldo\'s Restaurant Gift Certificate','Complete',35,1,'Jackie Hoelcher Bruns, CPA',40,35,0,70599,'Halt','Located at 1210 Jefferson Street, 239-5005.',1,NULL,NULL,NULL,NULL,'2008-03-26 19:35:44',NULL),(164,'$35.00 Aldo\'s Restaurant Gift Certificate','$35.00 Aldo\'s Restaurant Gift Certificate','Complete',35,1,'Jackie Hoelscher Bruns, CPA',42,35,1,70155,'Halt','Located at 1210 Jefferson Street, 239-5005.',1,NULL,NULL,NULL,NULL,'2008-03-26 19:29:13',NULL),(165,'Williams Bros. Natural Hickory smoked bone-in ham','Williams Bros. Natural Hickory smoked bone-in ham','Complete',60,0,'Dr. Albert Marchiando',60,40,0,72106,'Halt','',1,NULL,NULL,NULL,NULL,'2008-03-24 20:07:57',NULL),(166,'Dinner for 4 at Creamery Hill','Dinner for 4 at Creamery Hill','Complete',100,0,'Dr. Greg Potts',11,105,0,62583,'Halt','',1,NULL,NULL,NULL,NULL,'2008-03-25 17:21:33',NULL),(167,'2 Weekend 18 hole green fees w/cart at Wolf Hollow','2 Weekend 18 hole green fees w/cart at Wolf Hollow','Complete',84,0,'DaCa Machine',50,70,0,70226,'Halt','In business for over 30 years.  It\'s a full CNC sheet metal fabricating & machining facility with 3.4 & 5 axis machining capabilities.',1,NULL,NULL,NULL,NULL,'2008-03-24 19:30:50',NULL),(168,'2 - 1 hour massages at Backs, Bodies & More','2 - 1 hour massages at Backs, Bodies & More','Complete',120,1,'DaCa Machine',71,110,0,73843,'Halt','In business for over 30 years.  It\'s a full CNC sheet metal fabricating & machining facility with 3.4 & 5 axis machining capabilities.',1,NULL,NULL,NULL,NULL,'2008-03-24 20:31:10',NULL),(169,'4 TSA approved Red Luggage Security Belts','4 TSA approved Red Luggage Security Belts','Complete',52,1,'Dawson Security Products',44,10,0,64362,'Halt','For practical security solutions and low prices visit dawsonsecurity.com, a registered Federal vendor.',1,NULL,NULL,NULL,NULL,'2008-03-26 17:53:19',NULL),(170,'One night stay w/Hot breakfast delivered to Cabin','One night stay w/Hot breakfast delivered to Cabin','Ready',125,NULL,'Critter Cottage Bed & Breakfast',86,NULL,NULL,NULL,NULL,'1860\'s original log cabin on 14 wooded acres complete with jacuzzi tub, full kitchen and antiques.',NULL,NULL,NULL,NULL,NULL,'2008-03-26 19:45:41',NULL),(171,'$35.00 Aldo\'s Restaurant Gift Certificate','$35.00 Aldo\'s Restaurant Gift Certificate','Complete',35,0,'Aldo\'s Restaurant',73,35,0,72795,'Halt','Aldo\'s True Italian Pizza & Pasta',1,NULL,NULL,NULL,NULL,'2008-03-24 20:12:46',NULL),(172,'$35.00 Aldo\'s Restaurant Gift Certificate','$35.00 Aldo\'s Restaurant Gift Certificate','Complete',35,1,'Aldo\'s Restaurant',16,35,1,63954,'Halt','Aldo\'s True Italian Pizza & Pasta',1,NULL,NULL,NULL,NULL,'2008-03-25 17:46:10',NULL),(173,'$35.00 Aldo\'s Restaurant Gift Certificate','$35.00 Aldo\'s Restaurant Gift Certificate','Complete',35,0,'Aldo\'s Restaurant',43,35,0,70842,'Halt','Aldo\'s True Italian Pizza & Pasta',1,NULL,NULL,NULL,NULL,'2008-03-26 19:43:51',NULL),(174,'$35.00 Aldo\'s Restaurant Gift Certificate','$35.00 Aldo\'s Restaurant Gift Certificate','Complete',35,1,'Aldo\'s Restaurant',56,35,0,71511,'Halt','Aldo\'s True Italian Pizza & Pasta',1,NULL,NULL,NULL,NULL,'2008-03-24 19:52:02',NULL),(175,'Family Sitting and 1-16x20 Portrait','Family Sitting and 1-16x20 Portrait','Complete',165,0,'Fricke Studio',64,80,0,73648,'Halt','Fricke Professional Photography Studio & 1 Hour Photo, Elm Street in downtown Washington & Hermann, MO',1,NULL,NULL,NULL,NULL,'2008-03-24 20:27:14',NULL),(176,'$50.00 Purcell Ellis Tire & Rubber Gift Certificate','$50.00 Purcell Ellis Tire & Rubber Gift Certificate','Complete',50,1,'Purcell Ellis Tire & Rubber',15,30,0,63836,'Halt','Purcell Ellis Tire & Rubber - Tires & auto repair at 5th & Elm Streets in Washington, MO 239-2724',1,NULL,NULL,NULL,NULL,'2008-03-25 17:41:39',NULL),(177,'$50.00 Hillermann Nursery & Florist, Inc.Gift Certificate','$50.00 Hillermann Nursery & Florist, Inc.Gift Certificate','Complete',50,0,'Steamboat Finaincial Services',27,50,0,67831,'Halt','Located in the Steamboat Building in Downtown Washington - call 239-1486 for all your Investment needs',1,NULL,NULL,NULL,NULL,'2008-03-24 18:53:41',NULL),(178,'$35.00 Aldo\'s Restaurant Gift Certificate','$35.00 Aldo\'s Restaurant Gift Certificate','Complete',35,1,'Steamboat Finaincial Services',98,35,0,71396,'Halt','Located in the Steamboat Building in Downtown Washington - call 239-1486 for all your Investment needs',1,NULL,NULL,NULL,NULL,'2008-03-25 19:51:54',NULL),(179,'$50.00 Hillermann Nursery & Florist, Inc.Gift Certificate','$50.00 Hillermann Nursery & Florist, Inc.Gift Certificate','Complete',50,1,'Steamboat Finaincial Services',92,50,1,67834,'Halt','Located in the Steamboat Building in Downtown Washington - call 239-1486 for all your Investment needs',1,NULL,NULL,NULL,NULL,'2008-03-26 18:49:52',NULL),(180,'$35.00 Aldo\'s Restaurant Gift Certificate','$35.00 Aldo\'s Restaurant Gift Certificate','Ready',35,NULL,'Steamboat Finaincial Services',87,NULL,NULL,NULL,NULL,'Located in the Steamboat Building in Downtown Washington - call 239-1486 for all your Investment needs',NULL,NULL,NULL,NULL,NULL,'2008-03-26 19:45:41',NULL),(181,'Full Leather Briecase','Full Leather Briecase','Complete',200,1,'Office Supplies and Equipment',107,55,1,69821,'Halt','Elm Street in Downtown Washington, serving Franklin Conty for over 50 years - Service is our #1 priority',1,NULL,NULL,NULL,NULL,'2008-03-26 19:21:15',NULL),(182,'Droege\'s 10 lb angus beef prime rib (charcoal grilled)','Droege\'s 10 lb angus beef prime rib (charcoal grilled)','Ready',100,NULL,'Hellebusch Tool & Die',88,NULL,NULL,NULL,NULL,'Hellebusch Tool & Die, A part of the community for 35 years.',NULL,NULL,NULL,NULL,NULL,'2008-03-26 19:45:41',NULL),(183,'Droege\'s Surf & Turf package','Droege\'s Surf & Turf package','Complete',100,0,'Unnerstall & Unnerstall CPA',17,105,0,63787,'Halt','Your friendly downtown tax professionals',1,NULL,NULL,NULL,NULL,'2008-03-25 17:45:14',NULL),(184,'Droege\'s Twelve (12) 16 oz of angus beef ribeye steak','Droege\'s Twelve (12) 16 oz of angus beef ribeye steak','Ready',100,NULL,'Unnerstall & Unnerstall CPA',89,NULL,NULL,NULL,NULL,'your friendly downtown tax professionals',NULL,NULL,NULL,NULL,NULL,'2008-03-26 19:45:41',NULL),(185,'18 Holes of Golf with Cart for Four (4) and Lunch','18 Holes of Golf with Cart for Four (4) and Lunch','Complete',120,0,'Franklin County Country Club',37,135,0,69396,'Halt','Valid Monday - Friday and expires Dec 31, 2008',1,NULL,NULL,NULL,NULL,'2008-03-24 19:17:28',NULL),(186,'$100.00 Series E Bond','$100.00 Series E Bond','Complete',50,0,'Bank of Washington',21,50,1,63863,'Halt','Oldest and largest bank in Franklin County in support of the Rotary Club and the community.',1,NULL,NULL,NULL,NULL,'2008-03-24 17:45:09',NULL),(187,'$100.00 Series E Bond','$100.00 Series E Bond','Complete',50,0,'Bank of Washington',14,55,0,63458,'Halt','Oldest and largest bank in Franklin County in support of the Rotary Club and the community.',1,NULL,NULL,NULL,NULL,'2008-03-25 17:38:10',NULL),(188,'$100.00 Series E Bond','$100.00 Series E Bond','Complete',50,1,'Bank of Washington',103,50,1,68456,'Halt','Oldest and largest bank in Franklin County in support of the Rotary Club and the community.',1,NULL,NULL,NULL,NULL,'2008-03-26 19:00:02',NULL),(189,'$100.00 Series E Bond','$100.00 Series E Bond','Ready',50,NULL,'Bank of Washington',90,NULL,NULL,NULL,NULL,'Oldest and largest bank in Franklin County in support of the Rotary Club and the community.',NULL,NULL,NULL,NULL,NULL,'2008-03-26 19:45:41',NULL),(190,'$250.00 Downtown Washington Gift Certificates','$250.00 Downtown Washington Gift Certificates','Complete',250,0,'Bank of Washington',22,235,0,65430,'Halt','Visit our Schnucks Branch which is open 7 days a week',1,NULL,NULL,NULL,NULL,'2008-03-24 18:19:00',NULL),(191,'$250.00 Downtown Washington Gift Certificates','$250.00 Downtown Washington Gift Certificates','Complete',250,1,'Bank of Washington',13,200,0,62361,'Halt','Visit our Schnucks Branch which is open 7 days a week',1,NULL,NULL,NULL,NULL,'2008-03-25 17:24:44',NULL),(192,'$250.00 Downtown Washington Gift Certificates','$250.00 Downtown Washington Gift Certificates','Complete',250,0,'Bank of Washington',33,250,1,69740,'Halt','Visit our Schnucks Branch which is open 7 days a week',1,NULL,NULL,NULL,NULL,'2008-03-26 19:22:44',NULL),(193,'$250.00 Downtown Washington Gift Certificates','$250.00 Downtown Washington Gift Certificates','Ready',250,NULL,'Bank of Washington',91,NULL,NULL,NULL,NULL,'Visit our Schnucks Branch which is open 7 days a week',NULL,NULL,NULL,NULL,NULL,'2008-03-26 19:45:41',NULL),(194,'Williams Brothers famous 4 oz filet mignon','Williams Brothers famous 4 oz filet mignon','Ready',60,NULL,'Eckelkamp Electric',92,NULL,NULL,NULL,NULL,'Now in our fourth generation of serving the area\'s business and industrial needs, with over 50 years of experience to offer our customers.',NULL,NULL,NULL,NULL,NULL,'2008-03-26 19:45:41',NULL),(195,'30 Large Center Cut Pork Steaks and BBQ Sauce','30 Large Center Cut Pork Steaks and BBQ Sauce','Bidding',50,1,'DROEGE\'S FOOD SERVICE COMPANY',49,50,0,72304,'time','Hwy 100 East Washington, MO',1,NULL,NULL,NULL,NULL,'2008-03-26 20:00:50',NULL),(196,'4 Chicken & Fish Dinners','4 Chicken & Fish Dinners','Ready',30,NULL,'Elks Lodge #1559',93,NULL,NULL,NULL,NULL,'Enjoy a delicious meal with all the trimmings at the Elks Lodge on West 5th Street',NULL,NULL,NULL,NULL,NULL,'2008-03-26 19:45:41',NULL),(197,'4 - $15.00 Wimpy\'s Gift Certificates','4 - $15.00 Wimpy\'s Gift Certificates','Complete',60,1,'Wimpy\'s Sandwich Shop',54,60,0,71519,'Halt','For the best sandwiches in town go to Wimpy\'s on 521 Jefferson St',1,NULL,NULL,NULL,NULL,'2008-03-24 19:51:41',NULL),(198,'52 Automatic Car Washes (1 per week for a year)','52 Automatic Car Washes (1 per week for a year)','Complete',234,0,'J & M Car Wash',12,170,0,63650,'Halt','For a great car washington experience go to J&M car wash, Jefferson & Market - new equipment',1,NULL,NULL,NULL,NULL,'2008-03-25 17:37:20',NULL),(199,'2 Cardinal Tickets - Box Seats Behind Homeplate','2 Cardinal Tickets - Box Seats Behind Homeplate','Complete',100,1,'Dill Plumbing',26,105,1,69299,'Halt','for all your plumbing needs - new or repairs - see Dill Plumbing 719 S Jefferson 239-3400.  Mutually agreed upon date',1,NULL,NULL,NULL,NULL,'2008-03-26 19:16:22',NULL),(200,'10 Large Buckets of Balls','10 Large Buckets of Balls','Ready',60,NULL,'Big Driver',94,NULL,NULL,NULL,NULL,'The Best Driving Range in Washington.  Mini Golf improve your game come to Big Driver & see Tom at Big Driver.  Grand Avenue across from Lions Lake',NULL,NULL,NULL,NULL,NULL,'2008-03-26 19:45:41',NULL),(201,'Party of 4, 2 Rounds free with the purchase of 2 rounds.','Party of 4, 2 Rounds free with the purchase of 2 rounds.','Complete',100,0,'Warrenton Golf Course',20,55,0,68221,'Halt','enjoy a round of golf at the Warrenton Golf Course, one of the oldest & finest courses around.',1,NULL,NULL,'','','2008-03-24 18:59:08',NULL),(202,'Party for up to 50 people at the Old Droeg\'e Clubhouse','Party for up to 50 people at the Old Droeg\'e Clubhouse','Complete',900,1,'Party for up to 50 People - Old Droege\'s Clubhous',12,750,0,69852,'Halt','Donated by Red Noelker, Dan Neidre, Rick Wunderlich, Tim Wunderlich, Chuck Marquart, Herb Alferman, Butch Droege, Steve Lochirco, Steve Forget, and Herb Dill',1,NULL,NULL,NULL,NULL,'2008-03-26 19:29:10',NULL),(203,'Lunch for 2 at Basket Case','Lunch for 2 at Basket Case','Complete',25,0,'ASAP Appraisals',23,25,0,64482,'Halt','Dan & Lela Tulley want to say thanks from ASAP Appraisals',1,NULL,NULL,NULL,NULL,'2008-03-24 17:56:14',NULL),(204,'Lunch for 2 at Basket Case','Lunch for 2 at Basket Case','Complete',25,0,'ASAP Appraisals',53,25,0,70439,'Halt','Dan & Lela Tulley want to say thanks from ASAP Appraisals',1,NULL,NULL,NULL,NULL,'2008-03-24 19:33:32',NULL),(206,'Dinner for 2 at Chico\'s','Dinner for 2 at Chico\'s','Complete',25,1,'Edward Jones - Debbie Skornia',24,25,1,64366,'Halt','How much will you need to retire?  Lets talk.   See Debbi Skornia with Edward Jones in Krakow.  Edward Jonesmaking sense of investing.  Member SIPC.',1,NULL,NULL,NULL,NULL,'2008-03-24 17:51:59',NULL),(207,'Dinner for 2 at Chico\'s','Dinner for 2 at Chico\'s','Complete',25,0,'Edward Jones - Debbie Skornia',97,25,1,70054,'Halt','How much will you need to retire?  Lets talk.   See Debbi Skornia with Edward Jones in Krakow.  Edward Jonesmaking sense of investing.  Member SIPC.',1,NULL,NULL,NULL,NULL,'2008-03-25 19:27:02',NULL),(208,'$25.00 Williams Brothers Gift Certificate','$25.00 Williams Brothers Gift Certificate','Complete',25,1,'Edward Jones - Debbie Skornia',47,25,0,70578,'Halt','How much will you need to retire?  Lets talk.   See Debbi Skornia with Edward Jones in Krakow.  Edward Jonesmaking sense of investing.  Member SIPC.',1,NULL,NULL,NULL,NULL,'2008-03-26 19:36:02',NULL),(209,'$25.00 Williams Brothers Gift Certificate','$25.00 Williams Brothers Gift Certificate','Ready',25,NULL,'Edward Jones - Debbie Skornia',95,NULL,NULL,NULL,NULL,'How much will you need to retire?  Lets talk.   See Debbi Skornia with Edward Jones in Krakow.  Edward Jonesmaking sense of investing.  Member SIPC.',NULL,NULL,NULL,NULL,NULL,'2008-03-26 19:45:41',NULL),(210,'$25.00 Designer Threads Gift Certificate','$25.00 Designer Threads Gift Certificate','Ready',25,NULL,'Designer Threads',96,NULL,NULL,NULL,NULL,'Go see Designer Threads to get your personalized items for every member of the family.',NULL,NULL,NULL,NULL,NULL,'2008-03-26 19:45:41',NULL),(211,'2 Tickets to the 2008 Brewfest','2 Tickets to the 2008 Brewfest','Complete',40,1,'WASHINGTON JAYCEES',10,40,0,63351,'Halt','2008 Brewfest is October 18th. Log onto washingtonjaycees.com for all of the great Jaycee events.',1,NULL,NULL,NULL,NULL,'2008-03-25 17:39:14',NULL),(212,'2 Tickets to the 2008 Brewfest','2 Tickets to the 2008 Brewfest','Ready',40,NULL,'WASHINGTON JAYCEES',97,NULL,NULL,NULL,NULL,'2008 Brewfest is October 18th. Log onto washingtonjaycees.com for all of the great Jaycee events.',NULL,NULL,NULL,NULL,NULL,'2008-03-26 19:45:41',NULL),(213,'2 Adult Tickets each to the June and September Demo Derby','2 Adult Tickets each to the June and September Demo Derby','Complete',32,1,'WASHINGTON JAYCEES',25,15,0,65284,'Halt','June Demo Derby is June 7th and the Sept date is September 6th.  Washingtonjaycees.org',1,NULL,NULL,NULL,NULL,'2008-03-24 18:10:00',NULL),(214,'2 Adult Tickets each to the June and September Demo Derby','2 Adult Tickets each to the June and September Demo Derby','Bidding',32,1,'WASHINGTON JAYCEES',45,25,0,70746,NULL,'June Demo Derby is June 7th and the Sept date is September 6th.  Washingtonjaycees.org',1,NULL,NULL,NULL,NULL,'2008-03-26 19:35:09',NULL),(215,'2 Tickets to the 2008 Art Fair & Winefest','2 Tickets to the 2008 Art Fair & Winefest','Complete',40,0,'Downtown Washington, Inc.',19,40,0,67775,'Halt','The 27th Annual Art Fair & Winefest will be May 16-18.  Your tickets give you entrance to the tasting pavillion and commemorative wine glasses.',1,NULL,NULL,NULL,NULL,'2008-03-24 18:48:04',NULL),(216,'2 Tickets to the 2008 Art Fair & Winefest','2 Tickets to the 2008 Art Fair & Winefest','Ready',40,NULL,'Downtown Washington, Inc.',98,NULL,NULL,NULL,NULL,'The 27th Annual Art Fair & Winefest will be May 16-18.  Your tickets give you entrance to the tasting pavillion and commemorative wine glasses.',NULL,NULL,NULL,NULL,NULL,'2008-03-26 19:45:41',NULL),(217,'$50.00 Conoco Gift Certificates','$50.00 Conoco Gift Certificates','Complete',50,0,'Unnerstall Oil CO.',26,45,0,65201,'Halt','Buy Conoco Gas',1,NULL,NULL,NULL,NULL,'2008-03-24 18:09:35',NULL),(218,'$50.00 Paint N Place Gift Certificate','$50.00 Paint N Place Gift Certificate','Complete',50,1,'Paint N Place, Inc.',9,50,0,63788,'Halt','',1,NULL,NULL,NULL,NULL,'2008-03-25 17:42:22',NULL),(219,'Dinner for 4 at Chico\'s','Dinner for 4 at Chico\'s','Complete',40,0,'RE/MAX FIRST GOLD',4,40,0,65944,'Halt','Get hooked on great service - call John Fischer at Re/Max First Gold 239-4742 for all your real estate needs.',1,NULL,NULL,NULL,NULL,'2008-03-24 18:22:51',NULL),(220,'$25.00 Williams Brothers Gift Certificate','$25.00 Williams Brothers Gift Certificate','OnDeck',25,1,'RE/MAX FIRST GOLD',50,NULL,NULL,NULL,NULL,'Get hooked on great service - call John Fischer at Re/Max First Gold 239-4742 for all your real estate needs.',NULL,NULL,NULL,NULL,NULL,'2008-03-26 20:00:45',NULL),(221,'4 Cardinal Tickets for Wed. April 2nd on the Casino Queen Porch','4 Cardinal Tickets for Wed. April 2nd on the Casino Queen Porch','Ready',148,NULL,'Show Me Trophies & Awards',99,NULL,NULL,NULL,NULL,'Your complete recognition store in Historic Downtown Washington.',NULL,NULL,NULL,NULL,NULL,'2008-03-26 19:31:58',NULL),(222,'Memory Foam Neck Pillow','Memory Foam Neck Pillow','Ready',49,NULL,'Sleep Center Matress CO., LLC',100,NULL,NULL,NULL,NULL,'Sleep center mattress company for all your bedding needs.',NULL,NULL,NULL,NULL,NULL,'2008-03-26 19:31:58',NULL),(223,'$25.00 Wal-Mart Gift Card','$25.00 Wal-Mart Gift Card','Complete',25,1,'Murphy U.S.A.',27,25,1,64384,'Halt','Murphy U.S.A. - 5 cents off a gallon when you use your Wal-Mart gift card or credit card at Murphy U.S.A.',1,NULL,NULL,NULL,NULL,'2008-03-24 17:52:25',NULL),(224,'Seasonal opening of your In-Ground pool','Seasonal opening of your In-Ground pool','Complete',225,0,'Ozark Pool & Spa',8,160,0,64777,'Halt','Ozark Pool & Spa offers a full line of chemicals and service on all pools & spas and service for most pools and spas.',1,NULL,NULL,NULL,NULL,'2008-03-25 18:04:15',NULL),(225,'7\"\" Philips Portable DVD Player','7\"\" Philips Portable DVD Player','Complete',89,0,'Wal Mart Super Center',60,60,0,65640,'Halt','Our purpose at Wal-Mart is saving people money so they can live better.  Open 24 hours.',1,NULL,NULL,NULL,NULL,'2008-03-26 18:11:30',NULL),(226,'2 MIZZOU Football Tickets for September 6, 2008','2 MIZZOU Football Tickets for September 6, 2008','Ready',80,NULL,'Dog House Woodworking - Greg Skornia',101,NULL,NULL,NULL,NULL,'Call Greg @ 636-239-7982 for your furniture repair and refininsing or for custom woodworking.',NULL,NULL,NULL,NULL,NULL,'2008-03-26 19:31:58',NULL),(227,'3 Months of 5 Meg High Speed Internet','3 Months of 5 Meg High Speed Internet','Complete',132,0,'Charter Communications',29,25,0,66431,'Halt','For great television, telephone and internet bundling go to 1 place - Charter Communications',1,NULL,NULL,NULL,NULL,'2008-03-24 18:28:53',NULL),(228,'$10.00 Glik\'s Gift Card','$10.00 Glik\'s Gift Card','Complete',10,1,'Glik\'s',63,20,1,67827,'Halt','For your teenage apparel, come to Glik\'s, in Washington Square.  Skate hard goods available at Glik\'s.',1,NULL,NULL,NULL,NULL,'2008-03-25 18:49:54',NULL),(229,'Coffee of the Day for 10 Days','Coffee of the Day for 10 Days','Complete',10,1,'Not Just Cut n Dried',61,10,0,65096,'Halt','For the only fresh roasted coffee in town, and for gifts and more, come to Not Just Cut n Dried, in Downtown Washington.',1,NULL,NULL,NULL,NULL,'2008-03-26 18:04:49',NULL),(230,'$25.00 Gift Certificate to the Shop Around the Corner','$25.00 Gift Certificate to the Shop Around the Corner','Ready',25,NULL,'The Shop Around the Corner',102,NULL,NULL,NULL,NULL,'The Shop Around the Corner, Washington\'s favorite setail store for ladies accessories and home furnishings.  Get the best prices at The Shop Around the Corner.',NULL,NULL,NULL,NULL,NULL,'2008-03-26 19:31:58',NULL),(231,'$35.00 Aldo\'s Restaurant Gift Certificate','$35.00 Aldo\'s Restaurant Gift Certificate','Complete',35,1,'Nate Hagedorn Construction',28,35,1,64913,'Halt','Nate Hagedorn Construction wishes the Rotary Good Luck with the Auction.',1,NULL,NULL,NULL,NULL,'2008-03-24 18:05:25',NULL),(232,'Lunch for 2 at Basket Case','Lunch for 2 at Basket Case','Complete',25,1,'Hodges Badge Company, Inc.',37,25,0,71668,'Halt','',1,NULL,NULL,NULL,NULL,'2008-03-26 19:55:11',NULL),(233,'Shrimp Boil for 8 on the Missouri River','Shrimp Boil for 8 on the Missouri River','Bidding',800,0,'John Lochirco, Jeff Hastings and Jim Dierking',50,700,1,71931,NULL,'A great day on the Missouri River.  Boat ride, shrimp, corn on the cob, polish sausage, potatoes & lots of beverages.  Hosted by John & Missy Lochirco, Jeff & Jennifer Hastings and Jim & Karen Dierking.',1,NULL,NULL,NULL,NULL,'2008-03-26 19:54:37',NULL),(234,'$50.00 Hawthorne Inn Gift Certificate','$50.00 Hawthorne Inn Gift Certificate','Complete',50,0,'Hawthorne Inn - Labadie',52,50,0,70430,'Halt','Voted \"\"\"\"Favorite Restaurant\"\"\"\" 3 years in a row by Missourian readers. Located in downtwon Labadie!',1,NULL,NULL,NULL,NULL,'2008-03-24 19:33:23',NULL),(235,'$50.00 Hawthorne Inn Gift Certificate','$50.00 Hawthorne Inn Gift Certificate','Complete',50,1,'Hawthorne Inn - Labadie',36,50,0,71057,'Halt','Voted \"\"\"\"Favorite Restaurant\"\"\"\" 3 years in a row by Missourian readers. Located in downtwon Labadie!',1,NULL,NULL,NULL,NULL,'2008-03-26 19:44:09',NULL),(236,'$50.00 Hawthorne Inn Gift Certificate','$50.00 Hawthorne Inn Gift Certificate','Complete',50,0,'Hawthorne Inn-Union',7,55,0,62288,'Halt','Come try the new Hawthorne Inn II in Union, enjoy the same great food as their Labadie location.',1,NULL,NULL,NULL,NULL,'2008-03-25 17:18:52',NULL),(237,'$50.00 Hawthorne Inn Gift Certificate','$50.00 Hawthorne Inn Gift Certificate','Ready',50,NULL,'Hawthorne Inn-Union',103,NULL,NULL,NULL,NULL,'Come try the new Hawthorne Inn II in Union, enjoy the same great food as their Labadie location.',NULL,NULL,NULL,NULL,NULL,'2008-03-26 19:31:58',NULL),(238,'2 Mesh Camp Chairs with Aluminum Frame','2 Mesh Camp Chairs with Aluminum Frame','Ready',149,NULL,'ALPS',104,NULL,NULL,NULL,NULL,'Outdoor Camping and Hiking Supplies & Equipment',NULL,NULL,NULL,NULL,NULL,'2008-03-26 19:31:58',NULL),(239,'$30.00 Hillermann Nursery & Florist, Inc. Gift Certificate','$30.00 Hillermann Nursery & Florist, Inc. Gift Certificate','Complete',30,1,'A.G. Edwards & Sons Inc.',30,30,0,65570,'Halt','Call the financial consultants at AG Edwards a division of Wachovia Securities for your investment needs.  The local office is at 1351 S. Jefferson.',1,NULL,NULL,NULL,NULL,'2008-03-24 18:14:38',NULL),(240,'$30.00 Hillermann Nursery & Florist, Inc. Gift Certificate','$30.00 Hillermann Nursery & Florist, Inc. Gift Certificate','Complete',30,0,'A.G. Edwards & Sons Inc.',6,30,0,62264,'Halt','Call the financial consultants at AG Edwards a division of Wachovia Securities for your investment needs.  The local office is at 1351 S. Jefferson.',1,NULL,NULL,NULL,NULL,'2008-03-25 17:18:39',NULL),(241,'$30.00 Hillermann Nursery & Florist, Inc. Gift Certificate','$30.00 Hillermann Nursery & Florist, Inc. Gift Certificate','Complete',30,0,'A.G. Edwards & Sons Inc.',41,30,0,70448,'Halt','Call the financial consultants at AG Edwards a division of Wachovia Securities for your investment needs.  The local office is at 1351 S. Jefferson.',1,NULL,NULL,NULL,NULL,'2008-03-26 19:33:00',NULL),(242,'$30.00 Hillermann Nursery & Florist, Inc. Gift Certificate','$30.00 Hillermann Nursery & Florist, Inc. Gift Certificate','Ready',30,NULL,'A.G. Edwards & Sons Inc.',105,NULL,NULL,NULL,NULL,'Call the financial consultants at AG Edwards a division of Wachovia Securities for your investment needs.  The local office is at 1351 S. Jefferson.',NULL,NULL,NULL,NULL,NULL,'2008-03-26 19:31:58',NULL),(243,'$25.00 3 Brothers Gift Certificate','$25.00 3 Brothers Gift Certificate','Complete',25,0,'3 Brothers Restaurant',51,30,0,70116,'Halt','The 3 Brothers Restaurant in downtown Labadie offers great food and great presentation in a relaxing atmosphere.',1,NULL,NULL,NULL,NULL,'2008-03-24 19:29:37',NULL),(244,'$25.00 3 Brothers Gift Certificate','$25.00 3 Brothers Gift Certificate','Complete',25,1,'3 Brothers Restaurant',106,30,1,73597,'Halt','The 3 Brothers Restaurant in downtown Labadie offers great food and great presentation in a relaxing atmosphere.',1,NULL,NULL,NULL,NULL,'2008-03-25 20:22:46',NULL),(245,'$25.00 3 Brothers Gift Certificate','$25.00 3 Brothers Gift Certificate','Complete',25,0,'3 Brothers Restaurant',38,30,1,71162,'Halt','The 3 Brothers Restaurant in downtown Labadie offers great food and great presentation in a relaxing atmosphere.',1,NULL,NULL,NULL,NULL,'2008-03-26 19:48:26',NULL),(246,'$25.00 3 Brothers Gift Certificate','$25.00 3 Brothers Gift Certificate','Ready',25,NULL,'3 Brothers Restaurant',106,NULL,NULL,NULL,NULL,'The 3 Brothers Restaurant in downtown Labadie offers great food and great presentation in a relaxing atmosphere.',NULL,NULL,NULL,NULL,NULL,'2008-03-26 19:31:58',NULL),(247,'Williams Brothers famous 4 oz filet mignon','Williams Brothers famous 4 oz filet mignon','Complete',60,1,'Dr. Raymond Kerr',31,50,0,65787,'Halt','',1,NULL,NULL,NULL,NULL,'2008-03-24 18:16:28',NULL),(248,'Lunch for 4 at Basket Case','Lunch for 4 at Basket Case','Complete',50,1,'Rieser Family Dental LLC',108,50,0,73632,'Halt','\"\"A family of Dentists for your Family Dentistry\"\"',1,NULL,NULL,NULL,NULL,'2008-03-25 20:25:39',NULL),(249,'Sonicare Toothbrush','Sonicare Toothbrush','Complete',110,0,'Demko Orthodontics',61,70,0,65609,'Halt','',1,NULL,NULL,NULL,NULL,'2008-03-26 18:11:57',NULL),(250,'Magnavox DVD Player','Magnavox DVD Player','Complete',35,0,'EZ Care Cellular & Satellite',32,30,0,67292,'Halt','If you\'re tired of the high cost of cable TV or cannot get high speed internet call EZ Care Cellular & Satellite 636-239-3899',1,NULL,NULL,NULL,NULL,'2008-03-24 18:46:31',NULL),(251,'Wireless Mouse','Wireless Mouse','Complete',30,0,'EZ Care Cellular and Satellite',77,25,0,69828,'Halt','For high speed internet that works anywhere and everywhere call EZ Care Cellular & Satellite for Hughes Net, Wild Blue or other wireless solutions',1,NULL,NULL,NULL,NULL,'2008-03-25 19:21:43',NULL),(252,'Wireless Mouse','Wireless Mouse','Bidding',30,0,'EZ Care Cellular & Satellite',42,25,1,71655,NULL,'For high speed internet that works anywhere and everywhere call EZ Care Cellular & Satellite for Hughes Net, Wild Blue or other wireless solutions',1,NULL,NULL,NULL,NULL,'2008-03-26 19:50:00',NULL),(253,'Wireless Mouse','Wireless Mouse','Ready',30,NULL,'EZ Care Cellular & Satellite',107,NULL,NULL,NULL,NULL,'For high speed internet that works anywhere and everywhere call EZ Care Cellular & Satellite for Hughes Net, Wild Blue or other wireless solutions',NULL,NULL,NULL,NULL,NULL,'2008-03-26 19:31:58',NULL),(254,'$40.00 A.R.T. Concrete & Tool Supply Gift Certificate','$40.00 A.R.T. Concrete & Tool Supply Gift Certificate','Complete',40,1,'A.R.T. Concrete & Tool Supply Co., INC.',5,20,1,63743,'Halt','For all your construction supplies, Bobcat rental, dump trailer rental, mini excavator rental & much more.  6549 Meyer Drive by Shaw\'s Cabinet off Highway A.',1,NULL,NULL,NULL,NULL,'2008-03-25 17:38:43',NULL),(255,'$40.00 A.R.T. Concrete & Tool Supply Gift Certificate','$40.00 A.R.T. Concrete & Tool Supply Gift Certificate','Ready',40,NULL,'A.R.T. Concrete & Tool Supply Co., INC.',108,NULL,NULL,NULL,NULL,'For all your construction supplies, Bobcat rental, dump trailer rental, mini excavator rental & much more.  6549 Meyer Drive by Shaw\'s Cabinet off Highway A.',NULL,NULL,NULL,NULL,NULL,'2008-03-26 19:31:58',NULL),(256,'Droege\'s Six (6) US choice KC 12 oz strip steaks','Droege\'s Six (6) US choice KC 12 oz strip steaks','Complete',45,1,'Washington Metal Fabricators',4,40,0,62302,'Halt','Good luck with the Radio auction from your friends at Washington Metal Fabricators',1,NULL,NULL,NULL,NULL,'2008-03-25 17:23:28',NULL),(257,'Droege\'s Six (6) US choice KC 12 oz strip steaks','Droege\'s Six (6) US choice KC 12 oz strip steaks','Ready',45,NULL,'Washington Metal Fabricators',109,NULL,NULL,NULL,NULL,'Good luck with the Radio auction from your friends at Washington Metal Fabricators',NULL,NULL,NULL,NULL,NULL,'2008-03-26 19:31:58',NULL),(258,'2 Cardinal Bleacher seats vs. Brewers July 21, 2008','2 Cardinal Bleacher seats vs. Brewers July 21, 2008','Complete',28,1,'Washington Square Dental',33,28,0,65580,'Halt','Dental Services include zoom laser whitening and invisalign tooth straightening system.',1,NULL,NULL,NULL,NULL,'2008-03-24 18:15:27',NULL),(259,'2 Cardinal Bleacher Seats vs. Mets, July 2, 2008','2 Cardinal Bleacher Seats vs. Mets, July 2, 2008','OnDeck',28,0,'Washington Square Dental',48,NULL,NULL,NULL,NULL,'Washington Square Dental family dentistry',NULL,NULL,NULL,NULL,NULL,'2008-03-26 20:00:36',NULL),(260,'$20.00 Gift Certificate to Klondike Caf at Montelle Winery','$20.00 Gift Certificate to Klondike Caf at Montelle Winery','Ready',20,NULL,'Montelle Winery',110,NULL,NULL,NULL,NULL,'Montelle Winery - Augusta Missouri',NULL,NULL,NULL,NULL,NULL,'2008-03-26 19:31:58',NULL),(261,'$30.00 Hillermann Nursery & Florist, Inc. Gift Certificate','$30.00 Hillermann Nursery & Florist, Inc. Gift Certificate','Ready',30,NULL,'AAA Insurance, Curt Holzem',111,NULL,NULL,NULL,NULL,'See Curt Hozem at AAA Insurance for all you insurance needs.',NULL,NULL,NULL,NULL,NULL,'2008-03-26 19:31:58',NULL),(262,'Private Wine Tasting for 10 People','Private Wine Tasting for 10 People','Complete',100,0,'Augusta Winery',56,100,0,67918,'Halt','Augusta Winery in Downtown Augusta Missouri.',1,NULL,NULL,NULL,NULL,'2008-03-25 18:54:48',NULL),(263,'$150.00 Cassidy Cleaners Shoe/Boot/Leather Repair Gift Certificate','$150.00 Cassidy Cleaners Shoe/Boot/Leather Repair Gift Certificate','Complete',150,0,'Cassidy Cleaners',71,50,0,74411,'Halt','Gift Certificate good for any combination of shoe, boot, or leather repair, up to a $150.00 value.  Cassidy Cleaners - we deal with spots. 390-2909.  2008 Phoenix Center Drive',1,NULL,NULL,NULL,NULL,'2008-03-24 20:39:24',NULL),(264,'$50.00 William Brothers G.C.','','Halt',50,0,'AAA Insurance, Curt Holzem',39,50,1,72140,'Halt','See Curt Holzem of AAA Insurance for all your insurance needs.',1,NULL,NULL,'','','2008-03-26 20:05:26',NULL),(265,'Cassidy Cleaners Wedding Dress Package','Cassidy Cleaners Wedding Dress Package','Complete',195,0,'Cassidy Cleaners',62,135,1,68129,'Halt','Dress will be cleaned, spotted, pressed, boxed and preserved.  Cassidy Cleaners - we deal with spots. 390-2909.  2008 Phoenix Center Drive',1,NULL,NULL,NULL,NULL,'2008-03-25 18:55:18',NULL),(266,'Cassidy Cleaners Wedding Dress Package','Cassidy Cleaners Wedding Dress Package','Bidding',195,1,'Cassidy Cleaners',40,55,0,72466,NULL,'Dress will be cleaned, spotted, pressed, boxed and preserved.  Cassidy Cleaners - we deal with spots. 390-2909.  2008 Phoenix Center Drive',1,NULL,NULL,NULL,NULL,'2008-03-26 20:04:01',NULL),(267,'One Year of Dry Cleaning and/or Laundry (up to $30/month)','One Year of Dry Cleaning and/or Laundry (up to $30/month)','Ready',360,NULL,'Cassidy Cleaners',112,NULL,NULL,NULL,NULL,'Cassidy Cleaners - we deal with spots. 390-2909.  2008 Phoenix Center Drive',NULL,NULL,NULL,NULL,NULL,'2008-03-26 19:31:58',NULL),(268,'AAA Travel Bag, Atlas, Photo Album, Camera','AAA Travel Bag, Atlas, Photo Album, Camera','Ready',30,NULL,'AAA Travel Agency',113,NULL,NULL,NULL,NULL,'AAA Travel Agency...for all your travel needstravel with someone you trust.  Located at 1053 Washington Square in Washington',NULL,NULL,NULL,NULL,NULL,'2008-03-26 19:31:58',NULL),(269,'Cassidy Cleaners Gift Certificate for 1 Fur Garment (up to $40.00)','Cassidy Cleaners Gift Certificate for 1 Fur Garment (up to $40.00)','Complete',40,1,'Cassidy Cleaners',69,30,0,74447,'Halt','Garment will be cleaned, glazed and pressed.  Cassidy Cleaners - we deal with spots. 390-2909.  2008 Phoenix Center Drive',1,NULL,NULL,NULL,NULL,'2008-03-24 20:39:53',NULL),(270,'Cleaning of 1 Leather or Suede Coat','Cleaning of 1 Leather or Suede Coat','Complete',36,0,'Cassidy Cleaners',3,15,0,61704,'Halt','Cassidy Cleaners - we deal with spots. 390-2909.  2008 Phoenix Center Drive',1,NULL,NULL,NULL,NULL,'2008-03-25 17:18:24',NULL),(271,'10 Cubic foot poly lawn cart','10 Cubic foot poly lawn cart','Complete',130,0,'Sears of Washington',41,60,0,69524,'Halt','Demea & James wouldlike to thank the community for for your continued patronage.',1,NULL,NULL,NULL,NULL,'2008-03-24 19:19:33',NULL),(272,'Cleaning of 1 Leather or Suede Coat','Cleaning of 1 Leather or Suede Coat','Complete',36,0,'Cassidy Cleaners',36,38,1,69596,'Halt','Cassidy Cleaners - we deal with spots. 390-2909.  2008 Phoenix Center Drive',1,NULL,NULL,NULL,NULL,'2008-03-26 19:18:00',NULL),(273,'$30.00 A Beautiful You Gift Certificate','$30.00 A Beautiful You Gift Certificate','Complete',30,0,'A Beautiful You - Lindsay Schuck',68,15,0,74055,'Halt','Get your hair looking fresh for spring with a new cut, style or color.  Call Lindsay Schuck at 390-0373.',1,NULL,NULL,NULL,NULL,'2008-03-24 20:33:46',NULL),(274,'50% off 1 Night Whirlpool King Suite','50% off 1 Night Whirlpool King Suite','Complete',70,1,'Sleep Inn',2,35,1,63926,'Halt','Get ready for your weekend getaway at Sleep Inn & Suites in Washington',1,NULL,NULL,NULL,NULL,'2008-03-25 17:42:11',NULL),(275,'$30.00 A Beautiful You Gift Certificate','$30.00 A Beautiful You Gift Certificate','Complete',30,0,'A Beautiful You - Lindsay Schuck',102,25,0,72820,'Halt','Get your hair looking fresh for spring with a new cut, style or color.  Call Lindsay Schuck at 390-0373.',1,NULL,NULL,NULL,NULL,'2008-03-25 20:12:28',NULL),(276,'$30.00 A Beautiful You Gift Certificate','$30.00 A Beautiful You Gift Certificate','Complete',30,0,'A Beautiful You - Lindsay Schuck',104,25,1,68918,'Halt','Get your hair looking fresh for spring with a new cut, style or color.  Call Lindsay Schuck at 390-0373.',1,NULL,NULL,NULL,NULL,'2008-03-26 19:06:17',NULL),(277,'$30.00 A Beautiful You Gift Certificate','$30.00 A Beautiful You Gift Certificate','Ready',30,NULL,'A Beautiful You - Lindsay Schuck',114,NULL,NULL,NULL,NULL,'Get your hair looking fresh for spring with a new cut, style or color.  Call Lindsay Schuck at 390-0373.',NULL,NULL,NULL,NULL,NULL,'2008-03-26 19:31:58',NULL),(278,'Oil Change','Oil Change','Complete',28,0,'Liesmann Auto Sales',34,15,0,66838,'Halt','For your preowned car needs call Liesmann Sales for individual attention.',1,NULL,NULL,NULL,NULL,'2008-03-24 18:37:35',NULL),(279,'4 Weekend 18 hole green fees with cart at Wolf Hollow','4 Weekend 18 hole green fees with cart at Wolf Hollow','Complete',168,1,'Clemco Industries',112,120,0,70316,'Halt','Good luck to the Washington Rotary Club',1,NULL,NULL,NULL,NULL,'2008-03-26 19:31:50',NULL),(280,'Oil Change','Oil Change','Complete',28,0,'Liesmann Auto Sales',1,15,0,61851,'Halt','For your preowned car needs call Liesmann Sales for individual attention.',1,NULL,NULL,NULL,NULL,'2008-03-25 17:18:15',NULL),(281,'Oil Change','Oil Change','Complete',28,1,'Liesmann Auto Sales',32,25,1,71403,'Halt','For your preowned car needs call Liesmann Sales for individual attention.',1,NULL,NULL,NULL,NULL,'2008-03-26 19:49:23',NULL),(282,'Oil Change','Oil Change','Ready',28,NULL,'Liesmann Auto Sales',115,NULL,NULL,NULL,NULL,'For your preowned car needs call Liesmann Sales for individual attention.',NULL,NULL,NULL,NULL,NULL,'2008-03-26 19:31:58',NULL),(283,'500 One color business cards','500 One color business cards','Ready',42,NULL,'Washington Printing Press',116,NULL,NULL,NULL,NULL,'For all your business printing and sign needs call Washington Printing Press 636-239-3649 or 1-800-449-7302.',NULL,NULL,NULL,NULL,NULL,'2008-03-26 19:31:58',NULL),(284,'$30.00 Marquart\'s Landing Gift Certificate','$30.00 Marquart\'s Landing Gift Certificate','Complete',30,0,'Marquart\'s Landing',36,35,0,66481,'Halt','Meet me at The Landing!!',1,NULL,NULL,NULL,NULL,'2008-03-24 18:28:23',NULL),(285,'$30.00 Marquart\'s Landing Gift Certificate','$30.00 Marquart\'s Landing Gift Certificate','Complete',30,1,'Marquart\'s Landing',1,33,0,74502,'Halt','Meet me at The Landing!!',1,NULL,NULL,NULL,NULL,'2008-03-24 20:40:08',NULL),(286,'$30.00 Marquart\'s Landing Gift Certificate','$30.00 Marquart\'s Landing Gift Certificate','Complete',30,0,'Marquart\'s Landing',43,35,1,71897,'Halt','Meet me at The Landing!!',1,NULL,NULL,NULL,NULL,'2008-03-26 20:00:01',NULL),(287,'$30.00 Marquart\'s Landing Gift Certificate','$30.00 Marquart\'s Landing Gift Certificate','Ready',30,NULL,'Marquart\'s Landing',117,NULL,NULL,NULL,NULL,'Meet me at The Landing!!',NULL,NULL,NULL,NULL,NULL,'2008-03-26 19:31:58',NULL),(288,'$30.00 Marquart\'s Landing Gift Certificate','$30.00 Marquart\'s Landing Gift Certificate','Complete',30,1,'Marquart\'s Landing',35,32,0,68772,'Halt','Meet me at The Landing!!',1,NULL,NULL,NULL,NULL,'2008-03-24 19:11:03',NULL),(289,'500 Once Color Business Cards','500 Once Color Business Cards','Complete',42,1,'Washington Printing Press',35,35,0,65607,'Halt','For all your business printing and sign needs call Washington Printing Press 636-239-3649 or 1-800-449-7302.',1,NULL,NULL,NULL,NULL,'2008-03-24 18:15:52',NULL),(290,'Williams Brothers famous 4 oz filet mignon','Williams Brothers famous 4 oz filet mignon','Complete',60,1,'Bennett Packaging, Inc.',44,65,0,72273,'Halt','Serving the ara industry with corrugatd boxes, die cuts, and packaging materials',1,NULL,NULL,NULL,NULL,'2008-03-26 20:05:53',NULL),(291,'Vinyl Mailbox','Vinyl Mailbox','Complete',110,1,'Washington Fence Co. Inc.',60,50,1,67212,'Halt','We will fence you in.  Call Washington Fence for all your fencing needs.  239-5580',1,NULL,NULL,NULL,NULL,'2008-03-26 18:38:43',NULL),(292,'3 Cases of 8 1/2 X 11 Quality Copy Paper','3 Cases of 8 1/2 X 11 Quality Copy Paper','Complete',105,1,'Bennett Packaging, Inc.',546,80,0,74510,'Halt','We carry and deliver a large line of all sizes and colors of qyuality copy paper.',1,NULL,NULL,NULL,NULL,'2008-03-24 20:35:21',NULL),(293,'3 Cases of 8 1/2 X 11 Quality Copy Paper','3 Cases of 8 1/2 X 11 Quality Copy Paper','Ready',105,NULL,'Bennett Packaging, Inc.',118,NULL,NULL,NULL,NULL,'We carry and deliver a large line of all sizes and colors of qyuality copy paper.',NULL,NULL,NULL,NULL,NULL,'2008-03-26 19:31:58',NULL),(294,'1/2 Hog Fully Processed to your Order','1/2 Hog Fully Processed to your Order','Complete',140,1,'Williams Bros. Meat Market',63,140,0,73260,'Halt','Locally raised beef and pork award winning ham, sausage and bacon.  Your old fashion service meat market',1,NULL,NULL,NULL,NULL,'2008-03-24 20:20:45',NULL),(295,'Dinner for 2 at Creamery Hill','Dinner for 2 at Creamery Hill','Complete',40,0,'Weiskopf Cabinets',107,45,0,72883,'Halt','',1,NULL,NULL,NULL,NULL,'2008-03-25 20:19:28',NULL),(296,'4 Weekend 18 hole green fees with cart at Wolf Hollow','4 Weekend 18 hole green fees with cart at Wolf Hollow','Complete',168,0,'Stork Fabricators Inc.',18,115,0,67687,'Halt','Best of luck to the Washington Rotary Club.',1,NULL,NULL,NULL,NULL,'2008-03-24 18:47:29',NULL),(297,'2 Weekend 18 hole green fees w/cart at Wolf Hollow','2 Weekend 18 hole green fees w/cart at Wolf Hollow','Ready',84,NULL,'Rabco Midwest Inc.',119,NULL,NULL,NULL,NULL,'Best of Luck to the Washington Rotary Club',NULL,NULL,NULL,NULL,NULL,'2008-03-26 19:31:58',NULL),(298,'Black & Gold \"\"Viper\"\" Brand Pool Cue','Black & Gold \"\"Viper\"\" Brand Pool Cue','Complete',85,0,'Spitball Charlie\'s Billiard & Game Room',42,85,0,69952,'Halt','Come by to see \"\"Spitball Charlie\"\" for all your billiard, dart, poker and gameroom needs!  Also, foosball and air hockey.  Lessons available.  Located at 1752 E. Fifth Street',1,NULL,NULL,NULL,NULL,'2008-03-24 19:25:20',NULL),(299,'$30.00 Hillermann Nursery & Florist, Inc. Gift Certificate','$30.00 Hillermann Nursery & Florist, Inc. Gift Certificate','Complete',30,0,'Rabco Midwest Inc.',74,30,0,68421,'Halt','Best of Luck to the Washington Rotary Club',1,NULL,NULL,NULL,NULL,'2008-03-25 19:02:01',NULL),(300,'20 -- 4 OZ Fillets, Williams Bros','20 -- 4 OZ Fillets, Williams Bros','Complete',60,1,'Parmentier Auto Body',46,70,0,72561,'Halt','We do car detailing',1,NULL,NULL,NULL,NULL,'2008-03-26 20:05:45',NULL),(301,'Droege\'s Famous Fried Chicken Dinner for eight','Droege\'s Famous Fried Chicken Dinner for eight','Ready',40,NULL,'Dr. Bruce Crane',120,NULL,NULL,NULL,NULL,'',NULL,NULL,NULL,NULL,NULL,'2008-03-26 19:31:58',NULL),(302,'Dinner for 2 at Creamery Hill','Dinner for 2 at Creamery Hill','Complete',50,1,'Patients First Urgent Care',34,45,0,68965,'Halt','When you can\'t wait to feel better, Patient\'s First Urgent Care is there for you.',1,NULL,NULL,NULL,NULL,'2008-03-24 19:10:46',NULL),(303,'Dinner for 2 at Creamery Hill','Dinner for 2 at Creamery Hill','Complete',50,1,'Patients First Urgent Care',20,50,1,69581,'Halt','When you can\'t wait to feel better, Patient\'s First Urgent Care is there for you.',1,NULL,NULL,NULL,NULL,'2008-03-25 19:23:45',NULL),(304,'Dinner for 2 at Creamery Hill','Dinner for 2 at Creamery Hill','Complete',50,0,'Patients First Urgent Care',19,50,0,69714,'Halt','When you can\'t wait to feel better, Patient\'s First Urgent Care is there for you.',1,NULL,NULL,NULL,NULL,'2008-03-25 19:19:18',NULL),(305,'Dinner for 2 at Creamery Hill','Dinner for 2 at Creamery Hill','Ready',50,NULL,'Patients First Urgent Care',186,NULL,NULL,NULL,NULL,'When you can\'t wait to feel better, Patient\'s First Urgent Care is there for you.',NULL,NULL,NULL,NULL,NULL,'2008-03-26 19:27:54',NULL),(306,'4 Cardinal vs. Giants Tickets in Redbird Club on April 19, 2008','4 Cardinal vs. Giants Tickets in Redbird Club on April 19, 2008','Complete',184,1,'Citizen\'s Bank',46,185,0,70209,'Halt','Community owned indpeendent bank, New Haven, Gerald, Pacific , Washington and Marthasville.  Tickets are Section 244 Row 13.',1,NULL,NULL,NULL,NULL,'2008-03-24 19:34:57',NULL),(307,'Dinner for 2 at Basket Case','Dinner for 2 at Basket Case','Complete',50,0,'Nancy Walkenhorst & Betsy Hazel of Coldwell Banker',33,40,0,69630,'Halt','Coldwell Banker Premier \"\"Team with experience\"\".  Working together for over 19 years making your move a happy move.  Premier Service for you.',1,NULL,NULL,NULL,NULL,'2008-03-24 19:22:46',NULL),(308,'4 Cardinal vs. Pirates Tickets on May 14, 2008.','4 Cardinal vs. Pirates Tickets on May 14, 2008.','Complete',184,1,'citizen\'s Bank',111,160,1,70179,'Halt','Community owned indpeendent bank, New Haven, Gerald, Pacific , Washington and Marthasville.  Tickets are Section 244 Row 13.',1,NULL,NULL,NULL,NULL,'2008-03-26 19:29:15',NULL),(309,'Williams Brothers famous 4 oz filet mignon','Williams Brothers famous 4 oz filet mignon','Complete',60,0,'Keeven Heating and Cooling',17,65,0,69693,'Halt','Family owned - Service all brands, Install commercial and residential - Geothermal',1,NULL,NULL,NULL,NULL,'2008-03-25 19:19:05',NULL),(310,'Spa Manicure & Pedicure Package at Backs, Bodies & More','Spa Manicure & Pedicure Package at Backs, Bodies & More','Complete',55,0,'Nancy Walkenhorst & Betsy Hazel of Cldwell Banker',105,50,0,72638,'Halt','Coldwell Banker Premier \"\"Team with experience\"\".  Working together for over 19 years making your move a happy move.  Premier Service for you',1,NULL,NULL,NULL,NULL,'2008-03-25 20:12:44',NULL),(311,'Williams Brothers hickory smoked slab bacon','Williams Brothers hickory smoked slab bacon','Complete',40,1,'Keeven Heating and Cooling',65,45,0,73271,'Halt','Family owned - Service all brands, Install commercial and residential - Geothermal',1,NULL,NULL,NULL,NULL,'2008-03-24 20:21:04',NULL),(312,'4 Weekend 18 hole green fee w/cart at Wolf Hollow','4 Weekend 18 hole green fee w/cart at Wolf Hollow','Complete',168,1,'Motor Appliance Corp',36,100,1,74366,'Halt','',1,NULL,NULL,NULL,NULL,'2008-03-25 20:36:29',NULL),(313,'Side by Side 1/2 Hour Massage & Express Facial for 2 in our Dual Room Oasis','Side by Side 1/2 Hour Massage & Express Facial for 2 in our Dual Room Oasis','Ready',130,NULL,'Daydreams Day Spa & Salon',121,NULL,NULL,NULL,NULL,'',NULL,NULL,NULL,NULL,NULL,'2008-03-26 19:31:58',NULL),(314,'Dinner for 2 at Basket Case','Dinner for 2 at Basket Case','Complete',50,0,'Super 8',29,40,0,68914,'Halt','Good luck to the Washington Rotary Club',1,NULL,NULL,NULL,NULL,'2008-03-24 19:08:42',NULL),(315,'$25.00 Hillermann Nursery and Florist Gift Card','$25.00 Hillermann Nursery and Florist Gift Card','Complete',25,0,'Monarch Mortgage',54,25,0,66937,'Halt','Monarch Mortgage Ins. Exceeding your expectations.  6244 Hwy 100, Suite 100 in Washington 239-1400',1,NULL,NULL,NULL,NULL,'2008-03-25 18:35:50',NULL),(316,'Lunch for 2 at Basket Case','Lunch for 2 at Basket Case','Bidding',25,1,'The Vineyard at River Bend Chapel',47,30,0,72524,NULL,'Located at 4247 Old Hwy 100, Phone 390-8600.  All the elgance your deserve,, yet all the convenience you need.',1,NULL,NULL,NULL,NULL,'2008-03-26 20:05:06',NULL),(317,'Droege\'s BBQ Package','Droege\'s BBQ Package','Complete',45,1,'Patients First Health Care -- Orthopedic Division',96,45,0,73079,'Halt','Doctors Matthews, Chalk, Lusardi and Rotramel.  Serving Washington and surrounding areas for over 19 years.',1,NULL,NULL,NULL,NULL,'2008-03-25 20:20:07',NULL),(318,'Lunch for 2 at Basket Case','Lunch for 2 at Basket Case','Ready',25,NULL,'The Vineyard at River Bend Chapel',122,NULL,NULL,NULL,NULL,'Located at 4247 Old Hwy 100, Phone 390-8600.  All the elgance your deserve,, yet all the convenience you need.',NULL,NULL,NULL,NULL,NULL,'2008-03-26 19:31:58',NULL),(319,'$30.00 Little Sicily Restaurant Gift Certificate','$30.00 Little Sicily Restaurant Gift Certificate','Complete',30,1,'D & D\'S Little Sicily Restaurant',100,30,1,68245,'Halt','Great Italian food, open 7 nights a week - at the corner of 5th and Stafford.  **Bigger Banquet Facility now available**',1,NULL,NULL,NULL,NULL,'2008-03-26 18:56:53',NULL),(320,'Droege\'s BBQ Package','Droege\'s BBQ Package','Ready',45,NULL,'Patients First Health Care -- Orthopedic Division',123,NULL,NULL,NULL,NULL,'Serving the ara industry with corrugatd boxes, die cuts, and packaging materials',NULL,NULL,NULL,NULL,NULL,'2008-03-26 19:31:58',NULL),(322,'Droege\'s Six (6) US choice 12oz ibeye steaks','Droege\'s Six (6) US choice 12oz ibeye steaks','Complete',45,0,'Coldwell Banker Premier Group',66,45,0,71612,'Halt','Coldwell Banker Premier Group, call us at 800-748-7844 to list or sell your home or property today!   Coldwell Banker, the largest real estate company in Franklin County.',1,NULL,NULL,NULL,NULL,'2008-03-24 19:54:21',NULL),(323,'Lunch for 2 at Basket Case','Lunch for 2 at Basket Case','Complete',25,1,'Debbie Pick & Letitia Marlow of Coldwell Banker',26,20,0,68385,'Halt','Pick the Prmier Team for all your real estate needs.',1,NULL,NULL,NULL,NULL,'2008-03-24 19:03:41',NULL),(324,'Lunch for 2 at Basket Case','Lunch for 2 at Basket Case','Complete',25,0,'Debbie Pick & Letitia marlow of Coldwell Banker',101,30,0,71390,'Halt','Pick the Premier Team for all your real estate needs.',1,NULL,NULL,NULL,NULL,'2008-03-25 19:49:15',NULL),(325,'Lunch for 2 at Basket Case','Lunch for 2 at Basket Case','Complete',25,0,'Bark Schwentker of Coldwell Banker Premier Group',100,25,0,71068,'Halt','Call Barb to list or sell your home or property.  I want to make your move a good move!',1,NULL,NULL,NULL,NULL,'2008-03-25 19:47:31',NULL),(326,'Lunch for 2 at Basket Case','Lunch for 2 at Basket Case','Complete',25,1,'Cindy Johanning - Coldwell Banker Premier',99,25,1,67863,'Halt','When thinking of buying or selling a home, call Cindy Johanning @ 314-708-0204 & she will make it easy for you.',1,NULL,NULL,NULL,NULL,'2008-03-26 18:49:54',NULL),(327,'$50.00 Moments of Serenity Gift Certificate','$50.00 Moments of Serenity Gift Certificate','Complete',50,1,'First Bank',37,40,0,65715,'Halt','Call John Freitag or Renee Kerpash for all your banking needs.  Bank First.  Be First',1,NULL,NULL,NULL,NULL,'2008-03-24 18:16:19',NULL),(328,'Happy hour for 6 at Chico\'s','Happy hour for 6 at Chico\'s','Complete',75,0,'First Bank',23,75,0,70699,'Halt','Call John Freitag or Renee Kerpash for all your banking needs.  Bank First.  Be First',1,NULL,NULL,NULL,NULL,'2008-03-25 19:39:14',NULL),(329,'Lunch for 4 at Basket Case','Lunch for 4 at Basket Case','Complete',50,0,'First Bank',109,50,0,70724,'Halt','Call John Freitag or Renee Kerpash for all your banking needs.  Bank First.  Be First',1,NULL,NULL,NULL,NULL,'2008-03-26 19:40:25',NULL),(330,'Coffee Gift Basket','Coffee Gift Basket','Ready',65,NULL,'First Bank',124,NULL,NULL,NULL,NULL,'Call John Freitag or Renee Kerpash for all your banking needs.  Bank First.  Be First',NULL,NULL,NULL,NULL,NULL,'2008-03-26 19:31:58',NULL),(331,'Williams Brothers famous 4 oz filet mignon','Williams Brothers famous 4 oz filet mignon','Complete',60,0,'First Bank',67,65,0,71640,'Halt','Call John Freitag or Renee Kerpash for all your banking needs.  Bank First.  Be First',1,NULL,NULL,'','','2008-03-24 19:54:37',''),(332,'Droege\'s Six (6) US choice 12oz ibeye steaks','Droege\'s Six (6) US choice 12oz ibeye steaks','Ready',50,NULL,'Robert F. Weber., Custom Builder, Inc.',125,NULL,NULL,NULL,NULL,'For all your construction needs call Robert F. Weber Custom Builder at 239-2399 Tim Dean and Robert Weber',NULL,NULL,NULL,NULL,NULL,'2008-03-26 19:31:58',NULL),(333,'1 Pair of Klogs (shoes)','1 Pair of Klogs (shoes)','Ready',75,NULL,'Foam Engineers, LLC',126,NULL,NULL,NULL,NULL,'High performance spray foam instillations',NULL,NULL,NULL,NULL,NULL,'2008-03-26 19:31:58',NULL),(334,'Fas-Trip 66-5 Triple shine washes','Fas-Trip 66-5 Triple shine washes','Complete',40,1,'Washington Dermatology - Dr. Karen Eshraghi',38,35,1,66663,'Halt','',1,NULL,NULL,NULL,NULL,'2008-03-24 18:30:51',NULL),(335,'Residential Radon Inspection','Residential Radon Inspection','Complete',100,0,'All Clear Home Inspection, LLC',70,20,0,69201,'Halt','Dennis Hartmann owner/inspector',1,NULL,NULL,NULL,NULL,'2008-03-25 19:13:16',NULL),(336,'The Quality Coach Supervisory Series (12 sessions)','The Quality Coach Supervisory Series (12 sessions)','Complete',840,0,'The Quality Coach!',37,100,1,63809,'Halt','Because every business is a people business',1,NULL,NULL,'','','2008-03-26 17:42:37','http://www.washingtonrotary.com/auction-moreinfo/336.pdf'),(337,'Lunch for 2 at Basket Case','Lunch for 2 at Basket Case','Complete',25,1,'Washington Tractor',108,25,1,68621,'Halt','Located at Hwy 47 South, Washington MO',1,NULL,NULL,NULL,NULL,'2008-03-26 19:05:07',NULL),(338,'$35.00 Aldo\'s Restaurant Gift Certificate','$35.00 Aldo\'s Restaurant Gift Certificate','Complete',35,1,'Washington Tractor',99,37,0,72251,'Halt','Located at Hwy 47 South, Washington, MO',1,NULL,NULL,NULL,NULL,'2008-03-25 20:03:16',NULL),(339,'Williams Bros. BBQ Package for 10','Williams Bros. BBQ Package for 10','Complete',80,0,'Bank of Franklin County',66,80,0,70983,'Halt','A real community bank with 4 locations to serve you.  Washington, Krakow, New Haven',1,NULL,NULL,NULL,NULL,'2008-03-24 19:42:25',NULL),(340,'Dinner at Little Sicilys & Movie at Cinema 1 Plus','Dinner at Little Sicilys & Movie at Cinema 1 Plus','Complete',75,1,'Bank of Franklin County',90,75,1,67977,'Halt','A real community bank with 4 locations to serve you.  Washington, Krakow, New Haven',1,NULL,NULL,NULL,NULL,'2008-03-26 18:54:12',NULL),(341,'$30.00 Hillermann Nursery & Florist, Inc. Gift Certificate','$30.00 Hillermann Nursery & Florist, Inc. Gift Certificate','Complete',30,1,'Franklin Mortgage Company, LLC',88,30,1,70353,'Halt','Experience you can trust.  Sharon Monzyk & Gina Scego',1,NULL,NULL,NULL,NULL,'2008-03-25 19:37:08',NULL),(342,'Fas-Trip 66-5 Triple shine washes','Fas-Trip 66-5 Triple shine washes','Ready',40,NULL,'Franklin Mortgage Company, LLC',127,NULL,NULL,NULL,NULL,'Experience you can trust.  Sharon Monzyk & Gina Scego',NULL,NULL,NULL,NULL,NULL,'2008-03-26 19:31:58',NULL),(343,'2 Free Date Nights','2 Free Date Nights','Ready',60,NULL,'Kids Ahoy Learn & Care Center',128,NULL,NULL,NULL,NULL,'Kid\'s Ahoy is a 24 hr./7 day a week center and parents love to be able to go on a date night. 1st., 2nd, and 3rd shift available.',NULL,NULL,NULL,NULL,NULL,'2008-03-26 19:31:58',NULL),(345,'Williams Brothers famous 4 oz filet mignon','Williams Brothers famous 4 oz filet mignon','Complete',60,0,'Dr. Jon Lebsack',84,60,0,67055,'Halt','Washington Maxillofacial Surgery - Located in the Mercy Doctor\'s Building',1,NULL,NULL,NULL,NULL,'2008-03-26 18:36:11',NULL),(346,'Williams Bros. Natural Hickory smoked bone-in ham','Williams Bros. Natural Hickory smoked bone-in ham','Complete',60,1,'Dr. Kevin Walde',110,55,0,74129,'Halt','',1,NULL,NULL,NULL,NULL,'2008-03-25 20:36:54',NULL),(347,'J&M Car Wash-10 Automatic car wash package','J&M Car Wash-10 Automatic car wash package','Complete',45,1,'Four Rivers Insurance Agency',48,40,0,70794,'Halt','Give Mark Michels or Tom Hillermann a call for your insurance needs.',1,NULL,NULL,NULL,NULL,'2008-03-24 19:39:43',NULL),(348,'J&M Car Wash-10 Automatic car wash package','J&M Car Wash-10 Automatic car wash package','Complete',45,0,'Four Rivers Insurance Agency',27,45,0,72175,'Halt','Give Mark Michels or Tom Hillermann a call for your insurance needs.',1,NULL,NULL,NULL,NULL,'2008-03-25 20:01:46',NULL),(349,'J&M Car Wash-10 Automatic car wash package','J&M Car Wash-10 Automatic car wash package','Complete',45,0,'Four Rivers Insurance Agency',44,45,0,71205,'Halt','Give Mark Michels or Tom Hillermann a call for your insurance needs.',1,NULL,NULL,NULL,NULL,'2008-03-26 19:48:31',NULL),(350,'J&M Car Wash-10 Automatic car wash package','J&M Car Wash-10 Automatic car wash package','Ready',45,NULL,'Four Rivers Insurance Agency',129,NULL,NULL,NULL,NULL,'Give Mark Michels or Tom Hillermann a call for your insurance needs.',NULL,NULL,NULL,NULL,NULL,'2008-03-26 19:31:58',NULL),(351,'4 Hour Bus Trip/Charter/Field Trip','4 Hour Bus Trip/Charter/Field Trip','Complete',208,0,'First Student',68,150,1,66615,'Halt','Formerly Laidlaw - If you can\'t do it safely - Don\'t do it!',1,NULL,NULL,NULL,NULL,'2008-03-26 18:27:53',NULL),(352,'3 Hours of Personal Life Coaching','3 Hours of Personal Life Coaching','Ready',210,NULL,'Amy Williams - MSLC Master Spiritual Life Coach',130,NULL,NULL,NULL,NULL,'Helping you to live your best life 636-433-5977.  19375 Charrette Creek Road, Marthsville, MO  63357',NULL,NULL,NULL,NULL,NULL,'2008-03-26 19:31:58',NULL),(353,'1 Case Mona Vie - Juice from the Amazon','1 Case Mona Vie - Juice from the Amazon','Complete',120,1,'Amy and Roger Williams',39,60,1,67710,'Halt','19 Different Fruits 636-433-5977',1,NULL,NULL,'','','2008-03-24 18:50:49',NULL),(354,'DHL Credit for Shipping Overnight','DHL Credit for Shipping Overnight','Complete',50,1,'Freight Savers Express - Rick Bouse',47,25,0,70315,'Halt','DHL authorized selling partner',1,NULL,NULL,NULL,NULL,'2008-03-24 19:35:23',NULL),(355,'DHL Credit for Shipping Overnight','DHL Credit for Shipping Overnight','Bidding',50,1,'Freight Savers Express - Rick Bouse',28,20,0,72058,NULL,'DHL authorized selling partner',1,NULL,NULL,NULL,NULL,'2008-03-26 19:57:52',NULL),(356,'Orreck Cordless Iron','Orreck Cordless Iron','Complete',129,0,'Roettering Appliance',78,70,1,68583,'Halt','Take this iron anywhere - Great for all types of craft projects',1,NULL,NULL,NULL,NULL,'2008-03-25 19:02:19',NULL),(357,'Lube & Oil Change','Lube & Oil Change','Complete',30,1,'Riechers Tire and Auto',35,30,0,71656,'Halt','We are here to keep you safe on the road',1,NULL,NULL,NULL,NULL,'2008-03-26 19:55:24',NULL),(358,'$50.00 Hillermann Nursery & Florist, Inc.Gift Certificate','$50.00 Hillermann Nursery & Florist, Inc.Gift Certificate','Complete',50,1,'Hillermann Nursery & Florist',24,50,0,68526,'Halt','We are growing for you!  Exciting NEW changes in our store for Spring 08!',1,NULL,NULL,NULL,NULL,'2008-03-24 19:03:17','http://www.washingtonrotary.com/auction-moreinfo/358.jpg'),(359,'$50.00 Hillermann Nursery & Florist, Inc.Gift Certificate','$50.00 Hillermann Nursery & Florist, Inc.Gift Certificate','Complete',50,0,'Hillermann Nursery & Florist',35,55,0,65519,'Halt','Hillermann\'s was named \"\"National\"\" Revolutionary Garden Center Winner for 2008',1,NULL,NULL,NULL,NULL,'2008-03-25 18:14:36',NULL),(360,'$50.00 Hillermann Nursery & Florist, Inc.Gift Certificate','$50.00 Hillermann Nursery & Florist, Inc.Gift Certificate','Ready',50,NULL,'Hillermann Nursery & Florist',131,NULL,NULL,NULL,NULL,'57 Years and growing for the community!  2008 Revolutionary Garden Center Winner',NULL,NULL,NULL,NULL,NULL,'2008-03-26 19:31:58',NULL),(361,'4\'x5\' Area Rug of your Choice','4\'x5\' Area Rug of your Choice','Complete',99,0,'Straatmann Carpet Service, Inc.',43,65,0,71535,'Halt','We\'ve got your floors covered',1,NULL,NULL,NULL,NULL,'2008-03-24 19:53:28',NULL),(362,'3\'x5\' Area Rug of your Choice','3\'x5\' Area Rug of your Choice','Complete',79,0,'Straatmann Carpet Service, Inc.',91,40,0,71699,'Halt','Use area rug on the floor or as a wall hanging - We\'ve got you covered!',1,NULL,NULL,NULL,NULL,'2008-03-25 20:07:39',NULL),(363,'Carpet Cleaning Supplies','Carpet Cleaning Supplies','Complete',11,1,'Straatmann Carpet Service, Inc.',30,12,0,70779,'Halt','Visit our large showroom on Villa West Drive in Villa Ridge',1,NULL,NULL,NULL,NULL,'2008-03-26 19:37:46',NULL),(364,'Executive Wine Collector Set','Executive Wine Collector Set','Ready',50,NULL,'Advertising Unlimited',132,NULL,NULL,NULL,NULL,'Opener, foil cutter, drip ring, thermometer, pourer, 2 Wine stoppers',NULL,NULL,NULL,NULL,NULL,'2008-03-26 19:31:58',NULL),(365,'Monitor Computer Calendar (100) with your advance copy','Monitor Computer Calendar (100) with your advance copy','Complete',125,1,'The Chest',42,45,0,73491,'Halt','Place your advertising where people spend their time --  start calendar with any month.',1,NULL,NULL,NULL,NULL,'2008-03-24 20:25:40',NULL),(366,'Laptop Computer Calendars \"\"100\"\" with your advertising copy','Laptop Computer Calendars \"\"100\"\" with your advertising copy','Complete',100,0,'The Chest',53,30,0,64853,'Halt','Place your advertising where people are spending their time.  Start calendar with any month.',1,NULL,NULL,NULL,NULL,'2008-03-26 18:00:28',NULL),(367,'Black & Decker Circular Saw 7 1/4\"\"','Black & Decker Circular Saw 7 1/4\"\"','Complete',75,1,'S-K CONTRACTING',90,55,0,73126,'Halt','See us for all your construction needs - Residential and Commerical',1,NULL,NULL,NULL,NULL,'2008-03-25 20:19:56',NULL),(368,'Aldo\'s Restaurant Gift Certificate','Aldo\'s Restaurant Gift Certificate','Complete',35,0,'CRIDER HEALTH CENTER',94,35,0,67412,'Halt','\"\"Full, Productive, Healthy lives for everyone\"\"',1,NULL,NULL,NULL,NULL,'2008-03-26 18:40:17',NULL),(369,'Aldo\'s Gift Certificate','Aldo\'s Gift Certificate','Complete',35,0,'Realty Net Advantage',109,40,0,72277,'Halt','\"\"You\'ll Be Sold on Us\"\"',1,NULL,NULL,NULL,NULL,'2008-03-25 20:01:44',NULL),(370,'$500 Credit Towards Closing Costs','$500 Credit Towards Closing Costs','Ready',500,NULL,'Equity One Mortgage',133,NULL,NULL,NULL,NULL,'',NULL,NULL,NULL,NULL,NULL,'2008-03-26 19:31:58',NULL),(371,'2 Gallons Matte Interior Wall Paint','2 Gallons Matte Interior Wall Paint','Complete',43,0,'Sherwin Williams',49,50,0,70338,'Halt','',1,NULL,NULL,NULL,NULL,'2008-03-24 19:31:57',NULL),(372,'Forney 4 1/2\"\" Angle Grinder','Forney 4 1/2\"\" Angle Grinder','Complete',46,0,'John Hall Lumber Co.',83,35,0,69836,'Halt','Come see the friendly folks at John Hall Lumber on Hwy A for all your lumber needs.',1,NULL,NULL,NULL,NULL,'2008-03-25 19:21:55',NULL),(373,'4 Infield Fieldbox Seats (Section 148 Row 10) at Cardinal','4 Infield Fieldbox Seats (Section 148 Row 10) Cardinal\'s  vs. Giants (Saturday, April 19th). Approx. 30 rows behind home plate, 1st base side.','Ready',180,NULL,'Ince Homes, Inc.',134,NULL,NULL,NULL,NULL,'Designer and builder of fine custom and estate homes.',NULL,NULL,NULL,'','','2008-03-26 19:31:58',NULL),(374,'Hillermann Nursery Gift Certificate','Hillermann Nursery Gift Certificate','Complete',30,1,'Washington Chiropractic Clinic',56,30,0,63830,'Halt','Washington Chiropractic Clinic - Dr. Larry Gerstein & Co.',1,NULL,NULL,NULL,NULL,'2008-03-26 17:42:16',NULL),(375,'Six golf lessons - Wolf Hollow Pro.','Six golf lessons - Wolf Hollow Pro.','Complete',300,0,'G & H Tool & Mold',49,200,0,63987,'Halt','G & H Tool, a first class company providing great jobs and community leadership to the Washington area.',1,NULL,NULL,NULL,NULL,'2008-03-26 17:51:24',NULL),(376,'$150.00 Gift Certificate to Ed\'s Meat Market','$150.00 Gift Certificate to Ed\'s Meat Market','Ready',150,NULL,'Niebery Vitt Funeral Home',135,NULL,NULL,NULL,NULL,'Serving the Washington Area from Historic Downtown Washington.',NULL,NULL,NULL,NULL,NULL,'2008-03-26 19:31:58',NULL),(377,'5 Rides within city limits of Washington.','5 Rides within city limits of Washington.','Ready',45,NULL,'Millenium Taxi, Inc.',136,NULL,NULL,NULL,NULL,'Local and long distance transportation, whatever your transportation needs, let us be your designated driver.',NULL,NULL,NULL,NULL,NULL,'2008-03-26 19:31:58',NULL),(378,'$50.00 Savings Bond (US)','$50.00 Savings Bond (US)','Complete',50,0,'US Bank',32,50,0,68323,'Halt','Visit any one of the 3 Washington locations for all of your financial needs.',1,NULL,NULL,NULL,NULL,'2008-03-24 19:00:25',NULL),(379,'$50.00 US Savings Bond','$50.00 US Savings Bond','Complete',50,1,'US Bank',47,50,0,66108,'Halt','Visit any one of the 3 Washington locations for all of your banking and financial needs.',1,NULL,NULL,NULL,NULL,'2008-03-25 18:21:00',NULL),(380,'\"\"Dine Around Washington\"\"  G.C. to 13 area restaurants','\"\"Dine Around Washington\"\"  G.C. to 13 area restaurants','Complete',570,1,'The Rotary Auction Committee',17,510,0,71140,'Halt','The Rotary Auction Committee would like to thank all our volunteers, bidders and buyers for your support : Aldo\'s, Am. Bounty, Basket Case, Caf Mosaic, Chicos, Cowans, Dairy Delight, Hawthorn\'s, Los Cabos, The Landing, Miller\'s Grill, Smokehouse, Wimpy\'s',1,NULL,NULL,NULL,NULL,'2008-03-24 19:52:49',NULL),(381,'$50.00 US Savings Bond','$50.00 US Savings Bond','Complete',50,0,'US Bank',67,50,1,66333,'Halt','Visit any one of the 3 Washington locations for all of your banking and financial needs.',1,NULL,NULL,NULL,NULL,'2008-03-26 18:21:42',NULL),(382,'$50.00 US Savings Bond','$50.00 US Savings Bond','Ready',50,NULL,'US Bank',137,NULL,NULL,NULL,NULL,'Visit any one of the 3 Washington locations for all of your banking and financial needs.',NULL,NULL,NULL,NULL,NULL,'2008-03-26 19:31:58',NULL),(383,'\"\"I Didn\'t Know That\"\" Book - Facts about Washington, MO','\"\"I Didn\'t Know That\"\" Book - Facts about Washington, MO','Complete',25,1,'Washington Historial Society',82,30,1,68618,'Halt','Stop by 4th & Market to visit us-Tues.-Sat 10:00-4:00 PM & Sunday 12:00-4PM',1,NULL,NULL,NULL,NULL,'2008-03-25 19:05:58',NULL),(384,'Gift Certificate Ed\'s Meath market','Gift Certificate Ed\'s Meath market','Complete',30,0,'Ed\'s Meat Market',65,30,0,70930,'Halt','National & State Champion smoked meats.',1,NULL,NULL,NULL,NULL,'2008-03-24 19:42:12',NULL),(385,'\"\"I Didn\'t Know That\"\", book,  Facts about Washington, MO','\"\"I Didn\'t Know That\"\", book,  Facts about Washington, MO','Ready',25,NULL,'Washington Historial Society',138,NULL,NULL,NULL,NULL,'Stop by 4th & Market to visit us-Tues.-Sat 10:00-4:00 PM & Sunday 12:00-4PM',NULL,NULL,NULL,NULL,NULL,'2008-03-26 19:31:58',NULL),(386,'Gift Certificate to Ed\'s Meat Market','Gift Certificate to Ed\'s Meat Market','Complete',30,0,'Ed\'s Meat Market',95,30,1,70262,'Halt','National & State Champion smoked meats.',1,NULL,NULL,NULL,NULL,'2008-03-25 19:30:23',NULL),(387,'2008 Desk Folder Calendar - Nice Padded Folder','2008 Desk Folder Calendar - Nice Padded Folder','Complete',40,1,'Ginny Brinker/A Centery Advertising',81,15,0,69612,'Halt','For all your promotional product needs.  Call Ginny at 636/239-0630',1,NULL,NULL,NULL,NULL,'2008-03-25 19:23:41',NULL),(388,'Droege\'s Brat Feast','Droege\'s Brat Feast','Complete',45,1,'The Catalog Group -- John Miller',94,45,0,71195,'Halt','Need a catalog?  Anything from one page to a thousand pages, we do it all -- design -- layout -- printing.  Give us a call 636-390-8080',1,NULL,NULL,NULL,NULL,'2008-03-25 19:51:41',NULL),(389,'$30.00 Hillermann Nursery & Florist, Inc. Gift Certificate','$30.00 Hillermann Nursery & Florist, Inc. Gift Certificate','Complete',30,1,'St. Elizabeth Adult Day Care Center',69,30,1,65510,'Halt','Providing care for elderly and disabled adults - 5 days a week.',1,NULL,NULL,NULL,NULL,'2008-03-26 18:10:43',NULL),(390,'Gift Certificate to Aldo\'s Restaurant','Gift Certificate to Aldo\'s Restaurant','Ready',20,NULL,'Missouri Merschaum',139,NULL,NULL,NULL,NULL,'Check out our different pipes for gifts or your personal smoking requirements',NULL,NULL,NULL,NULL,NULL,'2008-03-26 19:31:58',NULL),(391,'Droege\'s Brat Feast','Droege\'s Brat Feast','Complete',45,1,'The Catalog Group -- John Miller',34,50,0,71112,'Halt','Need a catalog?  Anything from one page to a thousand pages, we do it all -- design -- layout -- printing.  Give us a call 636-390-8080',1,NULL,NULL,NULL,NULL,'2008-03-26 19:49:47',NULL),(392,'Lunch for 2 at Chico\'s','Lunch for 2 at Chico\'s','Complete',25,0,'Straatmann Toyota - 1498 High St. Washington, MO',37,25,0,70199,'Halt','Celebrating 25 years of customer satisfaction in Washington.',1,NULL,NULL,NULL,NULL,'2008-03-26 19:30:06',NULL),(393,'One tandem load of rock delivered w/in 3 miles of Washington','One tandem load of rock delivered w/in 3 miles of Washington','Ready',150,NULL,'K. J. Unnerstall Construction',140,NULL,NULL,NULL,NULL,'Your local escavaor, builder, commercial contractor serving greater Franklin County.',NULL,NULL,NULL,NULL,NULL,'2008-03-26 19:31:58',NULL),(394,'Lunch for 2 at Basket Case','Lunch for 2 at Basket Case','Ready',25,NULL,'Straatmann Toyota - 1498 High St., Washington, MO',141,NULL,NULL,NULL,NULL,'Celebrating 25 years of customer satisfaction in Washington.',NULL,NULL,NULL,NULL,NULL,'2008-03-26 19:31:58',NULL),(395,'$20.00 Gift Certificate','$20.00 Gift Certificate','Complete',20,0,'Urban Accents',44,10,0,66060,'Halt','Distinctive Home Dcor - Downtown Washington',1,NULL,NULL,NULL,NULL,'2008-03-25 18:25:34',NULL),(396,'$20.00 Gift Certificate','$20.00 Gift Certificate','Complete',20,0,'Urban Accents',54,10,0,64003,'Halt','Distinctive Home Dcor - Downtown Washington',1,NULL,NULL,NULL,NULL,'2008-03-26 17:50:29',NULL),(397,'Wine Gift basket - Mt. Pleasant Norton (1 Bottle) and Cuvee Blanc (1 bottle) and 2 wine glasses','Wine Gift basket - Mt. Pleasant Norton (1 Bottle) and Cuvee Blanc (1 bottle) and 2 wine glasses','Complete',53,0,'Mount Pleasant Winery',61,53,0,71051,'Halt','Located at 5634 High Street, Augusta, MO  800/467-WINE, or www.mountpleasant.com',1,NULL,NULL,NULL,NULL,'2008-03-24 19:44:31',NULL),(398,'Bone In Ham (Williams Bros)','Bone In Ham (Williams Bros)','Complete',60,0,'Burke and Associates Inc.',93,60,0,71608,'Halt','Call Burke & Associates land Surveyors for your subdivision, farm, lot and construciton layout needs 239-0172.   Over 40 years residential and commercial experience.',1,NULL,NULL,NULL,NULL,'2008-03-25 19:58:26',NULL),(399,'5 QT. Oil Change (Diesel extra)','5 QT. Oil Change (Diesel extra)','Complete',30,0,'Carriage Care',41,20,0,69408,'Halt','See Carriage Care for all your auto needs.',1,NULL,NULL,NULL,NULL,'2008-03-24 19:18:12',NULL),(400,'20 -- 4 oz filets (Williams Bros)','20 -- 4 oz filets (Williams Bros)','Complete',60,1,'Dr. Roger Walkenhorst DDS',60,75,0,72299,'Halt','Dr. Walkenhorst has been serving Washington and the surrounding area for over 32 years.',1,NULL,NULL,NULL,NULL,'2008-03-24 20:07:46',NULL),(401,'Lunch for 2 at Basket Case','Lunch for 2 at Basket Case','Complete',25,0,'Joyce Schatz of Coldwell Banker Premier Group',14,20,0,66986,'Halt','Make \"\"\"\"Joyce Your Choice\"\"\"\" in helping to make your dreams come true. Whether buying or selling a home give her a call at 314-707-4400 or 239-0631x13',1,NULL,NULL,NULL,NULL,'2008-03-24 18:37:22',NULL),(402,'5 Qt. Oil Change (Diesel extra)','5 Qt. Oil Change (Diesel extra)','Complete',30,0,'Carriage Care',21,20,0,70052,'Halt','See Carriage Care for all your auto needs.',1,NULL,NULL,NULL,NULL,'2008-03-25 19:30:13',NULL),(403,'Moen Kitchen Faucet','Moen Kitchen Faucet','Ready',133,NULL,'Washinton Lumber Do It Center',142,NULL,NULL,NULL,NULL,'Full-service Lumber and Hardware Store',NULL,NULL,NULL,NULL,NULL,'2008-03-26 19:31:58',NULL),(404,'Dinner for 2 at Chico\'s','Dinner for 2 at Chico\'s','Complete',25,1,'Joyce Schatz of Coldwell Banker Premier Group',86,25,0,70342,'Halt','Make \"\"\"\"Joyce Your Choice\"\"\"\" in helping to make your dreams come true. Whether buying or selling a home give her a call at 314-707-4400 or 239-0631x13.',1,NULL,NULL,NULL,NULL,'2008-03-25 19:36:44',NULL),(405,'Dinner for 4 at Creamery Hill','Dinner for 4 at Creamery Hill','Complete',100,0,'Boland Fence',96,100,0,67646,'Halt','',1,NULL,NULL,NULL,NULL,'2008-03-26 18:45:09',NULL),(406,'Dinner for 2 at Chico\'s','Dinner for 2 at Chico\'s','Complete',25,1,'Joyce Schatz of Coldwell Banker Premier Group',78,25,0,66506,'Halt','Make \"\"\"\"Joyce Your Choice\"\"\"\" in helping to make your dreams come true. Whether buying or selling a home give her a call at 314-707-4400 or 239-0631x13.',1,NULL,NULL,NULL,NULL,'2008-03-26 18:26:58',NULL),(407,'2 Weekend 18 Hole Green Fees with Care at Wolf Hollow','2 Weekend 18 Hole Green Fees with Care at Wolf Hollow','Complete',84,0,'St. John\'s Mercy Corporate Health Division',87,65,0,71688,'Halt','Your best source for all your health needs.  We are here for you and proud to be Mercy.',1,NULL,NULL,NULL,NULL,'2008-03-25 19:58:48',NULL),(408,'$50 off travel Gift Certificate','$50 off travel Gift Certificate','Complete',50,0,'www.gobudman.com',39,15,0,68800,'Halt','$50 off round trip ticket when purchased through www.budman.com',1,NULL,NULL,NULL,NULL,'2008-03-24 19:06:32',NULL),(409,'1 Hour Therapeutic Massage','1 Hour Therapeutic Massage','Complete',50,1,'St. John\'s Mercy Rehabilitation Services',69,50,1,67888,'Halt','St. John\'s Mercy - here for you 24 hours a cay, 7 days a week, 365 days a year.',1,NULL,NULL,NULL,NULL,'2008-03-25 18:50:08',NULL),(410,'1 Dozen Michelob Ultra golf balls','1 Dozen Michelob Ultra golf balls','Complete',45,0,'Missouri Eagle LLC',36,40,0,66209,'Halt','Missouri Eagle serving the community',1,NULL,NULL,NULL,NULL,'2008-03-25 18:24:08',NULL),(411,'BBQ Package from Droeges, 25 - 10 oz. pork steaks','BBQ Package from Droeges, 25 - 10 oz. pork steaks','Ready',45,NULL,'Sturm\'s Towing, LLC',143,NULL,NULL,NULL,NULL,'Call Sturm Towing at 636/239-3636.  Located at 1808 E. Fifth St. in Washington.',NULL,NULL,NULL,NULL,NULL,'2008-03-26 19:31:58',NULL),(412,'10 Ultimate Car Washes','10 Ultimate Car Washes','Complete',90,1,'Baywash Car Wash',58,75,0,66546,'Halt','',1,NULL,NULL,NULL,NULL,'2008-03-26 18:29:41',NULL),(413,'Natural Hickory smoked bone-in ham, spiral cut from Williams Bros.','Natural Hickory smoked bone-in ham, spiral cut from Williams Bros.','Complete',60,0,'Medicine Shoppe',79,55,0,66536,'Halt','Where you get fast, friendly, convenient service.',1,NULL,NULL,NULL,NULL,'2008-03-26 18:31:05',NULL),(414,'Lunch for 4 at Basket Case','Lunch for 4 at Basket Case','Ready',50,NULL,'Mark Kluesner & Steve Dobsch Bldg. & Remodeling',144,NULL,NULL,NULL,NULL,'Mark & Steve, supporting Rotary and the community.',NULL,NULL,NULL,NULL,NULL,'2008-03-26 19:31:58',NULL),(415,'BBQ Package for 10 people from Williams Bros.','BBQ Package for 10 people from Williams Bros.','Ready',85,NULL,'Kathy Lentz, MD, Opthamologist',145,NULL,NULL,NULL,NULL,'',NULL,NULL,NULL,NULL,NULL,'2008-03-26 19:31:58',NULL),(416,'Dinner for 2 at Creamery Hill','Dinner for 2 at Creamery Hill','Complete',50,1,'Mark Kluesner & Steve Dobsch Bldg. & Remodeling',16,50,0,67326,'Halt','Mark & Steve, supporting Rotary and the community.',1,NULL,NULL,NULL,NULL,'2008-03-24 18:42:00',NULL),(417,'1 Month of laundry service:  wash, dry and fold','1 Month of laundry service:  wash, dry and fold','Ready',300,NULL,'Cassidy Cleaners',146,NULL,NULL,NULL,NULL,'Mother\'s day is coming, take care of Mom!  Wash, dry & fold laundry for a month, that is about 7 loads per week for one month.   Cassidy Cleaners --  we deal with spots. Loocated in the Phoenix Center, 390-2909',NULL,NULL,NULL,NULL,NULL,'2008-03-26 19:31:58',NULL),(418,'4 Cardinal Tickets, Saturday April 26th vrs. Houston.  Infield Redbird Club, Sec. 245, Row 13, Seats 13-16','4 Cardinal Tickets, Saturday April 26th vrs. Houston.  Infield Redbird Club, Sec. 245, Row 13, Seats 13-16','Complete',184,0,'Bank of Franklin County',89,188,1,70693,'Halt','A real community bank with 4 locations to serve you, Washington, Krakow, and New Haven.',1,NULL,NULL,NULL,NULL,'2008-03-25 19:39:25',NULL),(419,'One free medium pizza','One free medium pizza','Ready',15,NULL,'Washington Pizza Hut',147,NULL,NULL,NULL,NULL,'Up to 3 toppings or any specialty pizza.  Washington Pizza Hut - 1905 East Fifth St. 636-239-4088',NULL,NULL,NULL,NULL,NULL,'2008-03-26 19:31:58',NULL),(420,'GC for 1 area rug cleaning worth up to $125','GC for 1 area rug cleaning worth up to $125','Complete',125,1,'Cassidy Cleaners',38,70,0,70390,'Halt','Includes spot cleaning, sanitizing and deoderizing.  Cassidy Cleaners -- We deal with spots.   Located in the Phoenix Center, 390-2909',1,NULL,NULL,NULL,NULL,'2008-03-24 19:34:34',NULL),(421,'Ice Cream Party Pack','Ice Cream Party Pack','Complete',20,0,'Dairy Delight',85,20,0,69348,'Halt','Come to Dairy Delight, 723 Jefferson @ 8th Street for great burgers, fries and ice cream treats',1,NULL,NULL,NULL,NULL,'2008-03-25 19:13:28',NULL),(422,'2 Large Two Topping Pizzas per month for a year','2 Large Two Topping Pizzas per month for a year','Complete',324,0,'Domino\'s Pizza',86,210,0,69342,'Halt','',1,NULL,NULL,NULL,NULL,'2008-03-26 19:19:05',NULL),(423,'One Hour Massage at Back Bodies and More','One Hour Massage at Back Bodies and More','Ready',60,NULL,'Ziglin Graphics & Signs',148,NULL,NULL,NULL,NULL,'For all your sign needs.',NULL,NULL,NULL,NULL,NULL,'2008-03-26 19:31:58',NULL),(424,'$30 Gift Certificate to Rothschild\'s','$30 Gift Certificate to Rothschild\'s','Ready',30,NULL,'Rothschild\'s Family Restaurant',149,NULL,NULL,NULL,NULL,'Voted best breakfast 4 years in a row.  Serving breakfast, lunch and dinner.',NULL,NULL,NULL,NULL,NULL,'2008-03-26 19:31:58',NULL),(425,'Droege\'s 6 KC Strip Steaks','Droege\'s 6 KC Strip Steaks','Ready',45,NULL,'Mike Dempsey',150,NULL,NULL,NULL,NULL,'Courtesy of Bayland Billington & Dempsey PC',NULL,NULL,NULL,NULL,NULL,'2008-03-26 19:31:58',NULL),(426,'Lunch for 2 at Basket Case','Lunch for 2 at Basket Case','Complete',25,1,'Ginger Brinker & Matt McClelland',76,25,0,68703,'Halt','Call Matt McClelland or Ginger Brinker for outstanding real estate service.  Visit our website at www.TheMcClellandTeam.com',1,NULL,NULL,NULL,NULL,'2008-03-25 19:05:19',NULL),(427,'$30 Gift Certificate to Rothschild\'s','$30 Gift Certificate to Rothschild\'s','Complete',30,0,'Rothschild\'s Family Restaurant',74,30,0,65998,'Halt','Voted best breakfast 4 years in a row.  Serving breakfast, lunch and dinner.',1,NULL,NULL,NULL,NULL,'2008-03-26 18:17:04',NULL),(428,'Lunch for 2 at Basket Case','Lunch for 2 at Basket Case','Complete',25,1,'Ginger Brinker & Matt McClelland',77,25,0,66267,'Halt','Call Matt McClelland or Ginger Brinker for outstanding real estate service. Visit our website at www.TheMcClellandTeam.com',1,NULL,NULL,NULL,NULL,'2008-03-26 18:24:07',NULL),(429,'4 Cardinal Tickets vs. Milwaukee, 17 April, Section 149, Infield Box','4 Cardinal Tickets vs. Milwaukee, 17 April, Section 149, Infield Box','Complete',350,1,'FIRST STATE COMMUNITY BANK',23,315,0,70377,'Halt','Your hometown banking center with locations now in Washington, Sullivan, Owensville, Warrenton & Wright City.',1,NULL,NULL,NULL,NULL,'2008-03-24 19:34:20',NULL),(430,'Dinner for 2 at Chico\'s','Dinner for 2 at Chico\'s','Complete',25,1,'Don Kluba, Re/Max First Gold',91,25,1,67858,'Halt','Don Kluba, Agent, specializing in USDA home purchases.',1,NULL,NULL,NULL,NULL,'2008-03-26 18:49:51',NULL),(431,'Lunch for 2 at Basket Case','Lunch for 2 at Basket Case','Ready',25,NULL,'Don Kluba, Re/Max First Gold',151,NULL,NULL,NULL,NULL,'Don Kluba, agent, specializing in USDA Home Purchases.',NULL,NULL,NULL,NULL,NULL,'2008-03-26 19:31:58',NULL),(432,'$30.00 Gift Certificate','$30.00 Gift Certificate','Complete',30,0,'BOB EVANS RESTAURANT',67,35,0,67612,'Halt','Serving homestyle meals for over 40 years.',1,NULL,NULL,NULL,NULL,'2008-03-25 18:47:14',NULL),(433,'Tuxedo Rental with Shoes','Tuxedo Rental with Shoes','Complete',110,0,'Wedding Creations',59,100,0,64881,'Halt','Wedding Creations is PERFECT for Prom!  Remember us for all of your wedding and prom needs!',1,NULL,NULL,NULL,NULL,'2008-03-26 18:00:12',NULL),(434,'4 Cardinal Baseball Tickets - Section 163, Row 25, Field Box, for April 30, 2008','4 Cardinal Baseball Tickets - Section 163, Row 25, Field Box, for April 30, 2008','Complete',160,1,'COCHRAN ENGINEERING & SURVEYING',104,160,0,73326,'Halt','Cochran provides all of your engineering needs, including civil engineering, land surveying, architecture, site development, geotechnical engineering and material testing and inspection.',1,NULL,NULL,NULL,NULL,'2008-03-25 20:24:29',NULL),(435,'Gift Certificate 3 free entres and soft drinks','Gift Certificate 3 free entres and soft drinks','Ready',30,NULL,'Qdoba Mexican Grill',152,NULL,NULL,NULL,NULL,'Qdoba combines fresh ingredients with a combination of sauces and salsa to create fast-causal Mexican fare.  Located at the Phoenix Center',NULL,NULL,NULL,NULL,NULL,'2008-03-26 19:31:58',NULL),(436,'Williams Brothers Hickory Smoked slab bacon','Williams Brothers Hickory Smoked slab bacon','Complete',40,1,'Dan Gildehaus Remodeling',68,40,1,67886,'Halt','Specializing in basement finishing, workout rooms, wet bars, and additions.',1,NULL,NULL,NULL,NULL,'2008-03-25 18:49:57',NULL),(437,'$100.00 Williams Brothers Gift Certificate','$100.00 Williams Brothers Gift Certificate','Complete',100,0,'Quality Reward Travel',59,105,0,70930,'Halt','',1,NULL,NULL,NULL,NULL,'2008-03-24 19:42:55',NULL),(438,'Droege\'s BBQ Package, 25 - 10 oz. center cut pork steaks','Droege\'s BBQ Package, 25 - 10 oz. center cut pork steaks','Ready',45,NULL,'Dan Gildehaus Remodeling',153,NULL,NULL,NULL,NULL,'Speciallzing in basement finishing, work out rooms, wet bars, and additions.',NULL,NULL,NULL,NULL,NULL,'2008-03-26 19:31:58',NULL),(439,'Droege\'s Surf & Turf package','Droege\'s Surf & Turf package','Complete',100,0,'Quality Reward Travel',65,50,1,67569,'Halt','',1,NULL,NULL,NULL,NULL,'2008-03-25 18:42:55',NULL),(440,'Holiday Dinner for 15, Williams Bros.','Holiday Dinner for 15, Williams Bros.','Complete',128,1,'Quality Reward Travel',57,90,1,66120,'Halt','',1,NULL,NULL,NULL,NULL,'2008-03-26 18:20:27',NULL),(441,'4 Tickets to an American Catfist and Chicken Dinner','4 Tickets to an American Catfish and Chicken Dinner','Complete',36,1,'VFW Post 2661 - Washington, MO',13,35,0,66747,'Halt','The VFW in Washington is proud to serve All American Catfish.  Dinners are served buffet style.  Tickets are good for any dinner throughout the year.',1,NULL,NULL,'','','2008-03-24 18:36:09',NULL),(442,'Dinner for 4 at Creamery Hill','Dinner for 4 at Creamery Hill','Ready',100,NULL,'Quality Reward Travel',154,NULL,NULL,NULL,NULL,'',NULL,NULL,NULL,NULL,NULL,'2008-03-26 19:31:58',NULL),(443,'Gift Certificate - Haslag Steel','Gift Certificate - Haslag Steel','Complete',50,0,'Haslag Steel Sales, Inc.',84,50,1,68792,'Halt','For all your steel and fabrication needs see your friends at Haslag Steel in Krakow.',1,NULL,NULL,NULL,NULL,'2008-03-25 19:03:54',NULL),(444,'Emco Storm Door, Creamy Tan, left hinge, brass trim','Emco Storm Door, Creamy Tan, left hinge, brass trim','Complete',400,0,'Midwest Exterior, Inc.',98,70,0,68521,'Halt','Midwest Exteriors has maintence free energy efficient home exterior products such as windows, doors, siding, soffit & facia, gutters, vinyl decks, railing & fencing.  Midwest Exteriors is locally owned & operated.  Take advantage of the IRS rebates for 07',1,NULL,NULL,NULL,NULL,'2008-03-26 19:01:01',NULL),(445,'Basket Case Gift Certificate','Basket Case Gift Certificate','Complete',50,0,'Sidney Thayer Attorney at Law',63,55,0,65041,'Halt','For your legal needs see Sid Thayer at 113 Jefferson St., Washington, MO  239-4765',1,NULL,NULL,NULL,NULL,'2008-03-26 18:05:18',NULL),(446,'Droege\'s 6 KC Strip Steaks','Droege\'s 6 KC Strip Steaks','Complete',45,1,'Richard Dempsey, Attorney at Law',75,45,0,68945,'Halt','For all your legal needs see Richard Dempsey, 311 East 5th St., Washington, 239-3800',1,NULL,NULL,NULL,NULL,'2008-03-25 19:09:51',NULL),(447,'20 Williams Brothers 4 oz. Filet Mignon','20 Williams Brothers 4 oz. Filet Mignon','Complete',60,0,'Gordon Upchurch, Attorney at Law',70,60,0,65995,'Halt','For all your legal needs see Gordon at 206 E. Locust St., Union, MO  583-9991',1,NULL,NULL,NULL,NULL,'2008-03-26 18:16:49',NULL),(448,'St. Francis Borgia - All Sports Pass and $25 Spirit Shop Certificate','St. Francis Borgia - All Sports Pass and $25 Spirit Shop Certificate','Complete',50,1,'St. Francis Borgia Regional HS',80,50,0,68610,'Halt','',1,NULL,NULL,NULL,NULL,'2008-03-25 19:05:39',NULL),(449,'St. Francis Borgia - All Sports Pass and $25 Spirit Shop Certificate','St. Francis Borgia - All Sports Pass and $25 Spirit Shop Certificate','Complete',50,1,'St. Francis Borgia Regional HS',101,50,1,68440,'Halt','',1,NULL,NULL,NULL,NULL,'2008-03-26 19:00:00',NULL),(450,'Four Gun Pistol Pack (Range Bag for shooters)','Four Gun Pistol Pack (Range Bag for shooters)','Complete',80,0,'Elite Survival Systems',31,75,0,69512,'Halt','Get the gear used by the US Secret Service, FBI, Border Patrol and law enforcement professional worldwide.',1,NULL,NULL,NULL,NULL,'2008-03-24 19:20:00',NULL),(451,'Large Flight Bag','Large Flight Bag','Complete',70,1,'Elite Survival Systems',92,65,0,72752,'Halt','Get the gear used by the US Secret Service, FBI, Border Patrol and law enforcement professional worldwide.',1,NULL,NULL,NULL,NULL,'2008-03-25 20:13:26',NULL),(452,'Mission Backpack','Mission Backpack','Complete',180,1,'Elite Survival Systems',102,70,1,69802,'Halt','Get the gear used by the US Secret Service, FBI, Border Patrol and law enforcement professional worldwide.',1,NULL,NULL,NULL,NULL,'2008-03-26 19:21:13',NULL),(453,'$35 GC Aldo\'s Restaurant','$35 GC Aldo\'s Restaurant','Ready',35,NULL,'Liz Stemmley -- Remax First Gold',155,NULL,NULL,NULL,NULL,'Selling Franklin County, one yard at a time!',NULL,NULL,NULL,NULL,NULL,'2008-03-26 19:31:58',NULL),(454,'Contour Nec Pillow','Contour Nec Pillow','Complete',45,1,'Spilker Chiropratic',30,40,1,68658,'Halt','Low Back Disc Specialist',1,NULL,NULL,NULL,NULL,'2008-03-24 19:04:04',NULL),(455,'$75 toward eye exam and glasses or contacts','$75 toward eye exam and glasses or contacts','Complete',75,1,'Eyecare of Washington',22,50,0,67652,'Halt','Eyecare Washington-1090 Washington Square-next to Subway - 239-2020. Dr. Peter M. Gubany & Dr. Patrick Pasierb',1,NULL,NULL,NULL,NULL,'2008-03-24 18:49:15',NULL),(456,'$75 toward eye exam and glasses or contacts','$75 toward eye exam and glasses or contacts','Complete',75,0,'Eyecare of Washington',64,25,0,67630,'Halt','Eyecare Washington-1090 Washington Square-next to Subway - 239-2020. Dr. Peter M. Gubany & Dr. Patrick Pasierb',1,NULL,NULL,NULL,NULL,'2008-03-25 18:48:05',NULL),(457,'$75 toward eye exam and glasses or contacts','$75 toward eye exam and glasses or contacts','Bidding',75,0,'Eyecare of Washington',41,20,1,71701,NULL,'Eyecare Washington-1090 Washington Square-next to Subway - 239-2020. Dr. Peter M. Gubany & Dr. Patrick Pasierb',1,NULL,NULL,NULL,NULL,'2008-03-26 19:50:46',NULL),(458,'$75 toward eye exam and glasses or contacts','$75 toward eye exam and glasses or contacts','Ready',75,NULL,'Eyecare of Washington',156,NULL,NULL,NULL,NULL,'Eyecare Washington-1090 Washington Square-next to Subway - 239-2020. Dr. Peter M. Gubany & Dr. Patrick Pasierb',NULL,NULL,NULL,NULL,NULL,'2008-03-26 19:31:58',NULL),(459,'36\"\" floor creeper, fully cushioned/4 castor model','36\"\" floor creeper, fully cushioned/4 castor model','Complete',40,0,'NAPA Auto Parts',25,25,0,68564,'Halt','\"\"Get the Good Stuff at Napa\"\"  1361 High Street in Washington',1,NULL,NULL,NULL,NULL,'2008-03-24 19:05:15',NULL),(460,'5 piece Hex Key wrench set (allen wrench set)','5 piece Hex Key wrench set (allen wrench set)','Complete',32,1,'NAPA Auto Parts',53,10,0,67085,'Halt','\"\"Get the Good Stuff at Napa\"\"  1361 High Street in Washington',1,NULL,NULL,NULL,NULL,'2008-03-25 18:38:05',NULL),(461,'Oil change & multo point maintenance check','Oil change & multo point maintenance check','OnDeck',50,1,'Thomas Auto Care Inc.',49,NULL,NULL,NULL,NULL,'433 Elm Street in Washington',NULL,NULL,NULL,NULL,NULL,'2008-03-26 19:48:07',NULL),(462,'Oil change & multo point maintenance check','Oil change & multo point maintenance check','Ready',50,NULL,'Thomas Auto Care Inc.',157,NULL,NULL,NULL,NULL,'433 Elm Street in Washington',NULL,NULL,NULL,NULL,NULL,'2008-03-26 19:27:54',NULL),(463,'$50 Downtown Washington GC','$50 Downtown Washington GC','Complete',50,0,'Wiemann & Pues Ins.',15,50,1,67078,'Halt','The agency of service, 200 Jefferson St. in Washington',1,NULL,NULL,NULL,NULL,'2008-03-24 18:38:10',NULL),(464,'$50 Downtown Washington GC','$50 Downtown Washington GC','Complete',50,0,'Wiemann & Pues Ins.',55,50,0,66954,'Halt','The agency of service, 200 Jefferson St. in Washington',1,NULL,NULL,NULL,NULL,'2008-03-25 18:36:04',NULL),(465,'$50 Downtown Washington GC','$50 Downtown Washington GC','Complete',50,0,'Wiemann & Pues Ins.',56,50,1,63681,'Halt','The agency of service, 200 Jefferson St. in Washington',1,NULL,NULL,NULL,NULL,'2008-03-26 17:40:30',NULL),(466,'$63 GG','$63 GG','Complete',63,0,'Donna Hudson & Mane Klipper',60,35,0,69751,'Halt','Come in and get your new spring cut today!',1,NULL,NULL,NULL,NULL,'2008-03-25 19:19:29',NULL),(467,'30 minute massage (new clients only)','30 minute massage (new clients only)','Complete',35,1,'Washington Wellness Center & Dr. Simmons',59,20,0,64768,'Halt','Your non-drug, non-surgical solution to health problems.',1,NULL,NULL,NULL,NULL,'2008-03-26 17:59:16',NULL),(468,'$30 GC to the Inn','$30 GC to the Inn','Ready',30,NULL,'The Inn',158,NULL,NULL,NULL,NULL,'Good drinks, great food served all hours.',NULL,NULL,NULL,NULL,NULL,'2008-03-26 19:27:54',NULL),(469,'BBQ for 10, Williams Bros Package','BBQ for 10, Williams Bros Package','Complete',85,1,'Fisher Chiropractic',58,80,0,72218,'Halt','Fisher Chiropractic and Dr. Al Fisher wishes to thanks Rotary for your service to the community',1,NULL,NULL,NULL,NULL,'2008-03-24 20:11:24',NULL),(470,'River Dinner Cruise & Moonlight return to Washington for 4.  Mutually agreed upon date','River Dinner Cruise & Moonlight return to Washington for 4.  Mutually agreed upon date','Complete',600,0,'Lochirco Fruits & Produce & Happy Apple',103,400,0,68260,'Halt','Thanks to Rotary for your contributions to the community',1,NULL,NULL,NULL,NULL,'2008-03-26 18:55:06',NULL),(471,'6 US Choice 12 oz Stip Steaks (Droeges)','6 US Choice 12 oz Stip Steaks (Droeges)','Complete',40,1,'Ron Tobben Insurance',67,40,1,65702,'Halt','Ron Tobben Insurance Agency for individual & group insurance, including health,  life and supplemental/major meidcal insurances.',1,NULL,NULL,NULL,NULL,'2008-03-26 18:14:50',NULL),(472,'Lunch for 2 at Basket Case','Lunch for 2 at Basket Case','Ready',25,NULL,'Remax Today',159,NULL,NULL,NULL,NULL,'Remax today ---  Elisha, Michelle, Steve & Rachele ---  \"\"Everywhere you want to live\"\"',NULL,NULL,NULL,NULL,NULL,'2008-03-26 19:27:54',NULL),(473,'Lunch for 2 at Basket Case','Lunch for 2 at Basket Case','Complete',25,1,'Missouri Land Sales & Michelle Stone',12,25,0,66572,'Halt','Franklin County\'s only accredited land oonsultant, located at Krakow Korners.',1,NULL,NULL,NULL,NULL,'2008-03-24 18:30:13',NULL),(474,'Dinner for 4 at Creamery Hill','Dinner for 4 at Creamery Hill','Complete',100,0,'MENTZ FOUNDATIONS, INC.',71,100,0,67916,'Halt','When building your new home\'s basement foundation, give Mentz Foundation a call',1,NULL,NULL,NULL,NULL,'2008-03-25 18:55:01',NULL),(475,'J & M Car Wash Package','J & M Car Wash Package','Complete',45,1,'Primerica Financial Services --  Bryan Bogue',79,35,1,67945,'Halt','Primerica --  call 239-5453 for a free financial needs anslysis which gives yoyu a detailed overview of your current financial situation.   Www.primerica.com',1,NULL,NULL,NULL,NULL,'2008-03-26 18:54:07',NULL),(476,'2 Cardinal Tickets, Friday , April 18t.  Section CQ3 (party Porch).   Cards vs. Giants,','2 Cardinal Tickets, Friday , April 18t.  Section CQ3 (party Porch).   Cards vs. Giants,','Ready',74,NULL,'State Farm Ins. & Matt Tobben',160,NULL,NULL,NULL,NULL,'Like a good neighbor --  State Farm is there.  We protect more families than anyone does.',NULL,NULL,NULL,NULL,NULL,'2008-03-26 19:27:54',NULL),(477,'2 Cardinal Tickets, Saturday,  April 5th.  Section CQ3 (party Porch).   Cards vs. Nationals','2 Cardinal Tickets, Saturday,  April 5th.  Section CQ3 (party Porch).   Cards vs. Nationals','Complete',74,1,'State Farm Ins. & Matt Tobben',12,60,0,68141,'Halt','State Farm protects more families than any other company.  The #1 auto insurer in Missouri for 60 years.',1,NULL,NULL,NULL,NULL,'2008-03-24 18:56:50',NULL),(478,'$20 GC to Imo\'s','$20 GC to Imo\'s','Complete',20,1,'IMO\'s Pizza',73,20,1,67975,'Halt','Imo\'s pizza for a fast and delicious pizza',1,NULL,NULL,NULL,NULL,'2008-03-25 18:53:33',NULL),(479,'4 Foot Party Sub','4 Foot Party Sub','Complete',40,1,'Quiznos',64,40,1,65525,'Halt','Dine in or carry, delicious subs',1,NULL,NULL,NULL,NULL,'2008-03-26 18:10:23',NULL),(480,'Happy hour for 6 at Chico\'s','Happy hour for 6 at Chico\'s','Ready',70,NULL,'Wendell\'s Service Station',161,NULL,NULL,NULL,NULL,'Come see us for all your automotive service needs.',NULL,NULL,NULL,NULL,NULL,'2008-03-26 19:27:54',NULL),(481,'2 -- 40 Lb bags of Dura Life Dog Food','2 -- 40 Lb bags of Dura Life Dog Food','Complete',27,0,'Orschlens Farm and Home',10,15,0,66946,'Halt','Orschlens in Washington, for all your farm and home needs.',1,NULL,NULL,NULL,NULL,'2008-03-24 18:39:14',NULL),(482,'$25 Gift Certificate','$25 Gift Certificate','Complete',25,1,'QUALITY COPY SERVICE, INC.',61,20,0,70369,'Halt','101 W. 5th (Washington), 200 S. Oak (Union), for all your copy and printing needs',1,NULL,NULL,NULL,NULL,'2008-03-25 19:36:54',NULL),(483,'4 Cardinal Tickets --  Field Box Seats, Section 148, row 10, behing home plate --  great seats!','4 Cardinal Tickets --  Field Box Seats, Section 148, row 10, behing home plate --  great seats!','Complete',180,1,'Mark & Lynn Becker',37,190,0,65409,'Halt','Call for a mutually agreed upon date',1,NULL,NULL,NULL,NULL,'2008-03-25 18:13:04',NULL),(484,'$30 GC','$30 GC','Ready',30,NULL,'Zuzu\'s Petals Gifts LLC',162,NULL,NULL,NULL,NULL,'An eclectic mix of unique gifts, gourmet foods and of course fine wines!',NULL,NULL,NULL,NULL,NULL,'2008-03-26 19:27:54',NULL),(486,'Pepsi Cola Headed Sweatshirt','Pepsi Cola Headed Sweatshirt','Complete',30,1,'Pepsi Cola Bottling Co of New Haven',59,20,0,67388,'Halt','Provided by the Pepsi Cola Bottling Co of New Haven',1,NULL,NULL,NULL,NULL,'2008-03-25 18:45:29',NULL),(487,'Dinner for 4 at Chico\'s','Dinner for 4 at Chico\'s','Complete',40,1,'Prestige Mortgage & Tim Jones',58,40,0,63832,'Halt','Fantastic interest rates for refinance or new home loans',1,NULL,NULL,NULL,NULL,'2008-03-26 17:42:19',NULL),(488,'Gift Certificate to Aldo\'s Restaurant','Gift Certificate to Aldo\'s Restaurant','Ready',35,NULL,'Prestige Mortgage & Tim Jones',163,NULL,NULL,NULL,NULL,'Fantastic interest rates for refinance or new home loans',NULL,NULL,NULL,NULL,NULL,'2008-03-26 19:27:54',NULL),(489,'Gift Basket','Gift Basket','Complete',30,1,'I.B. Nuts & Fruits',57,35,0,71451,'Halt','Easter bunnies, Easter gifts & our gourmet line of chocolates, nuts, snack mixes, dried fruit and other fine foods.',1,NULL,NULL,NULL,NULL,'2008-03-24 19:52:23',NULL),(490,'Gift Basket from I.B. Nuts','Gift Basket from I.B. Nuts','Complete',35,1,'HORN, ARCHITECTS, P.C., ROBERT A.',52,30,0,66760,'Halt','Serving Franklin County with excellent Architectural Design for 17 years.',1,NULL,NULL,NULL,NULL,'2008-03-25 18:32:32',NULL),(491,'1 Residential Real Estate Listing','1 Residential Real Estate Listing','Bidding',2995,0,'ASSIST-2-SELL, SMART CHOICE REALTY  Jamie Fletcher',105,80,1,72221,NULL,'Assist 2 Sell  offers full service with savings.  Call Jamie Fletcher at 636-239-5595  ---WE STILL NEED MORE INFO TO SET A TIME LIMIT FOR THIS ---  RODNEY HAS A CALL INTO JAMIE',1,NULL,NULL,'','','2008-03-26 19:59:26',NULL),(492,'Williams Bros. Steak lovers pkg','Williams Bros. Steak lovers pkg','Complete',125,1,'Melton Machine & Control Co.',72,125,1,67889,'Halt','Melton Machine & Control Co. Washington, Missouri',1,NULL,NULL,NULL,NULL,'2008-03-25 18:50:08',NULL),(493,'Williams Bros. Steak lovers pkg','Williams Bros. Steak lovers pkg','Ready',125,NULL,'Melton Machine & Control Co.',164,NULL,NULL,NULL,NULL,'Melton Machine & Control Co. Washington, Missouri',NULL,NULL,NULL,NULL,NULL,'2008-03-26 19:27:54',NULL),(494,'Frick\'s Supertrim Whole Bone In Ham','Frick\'s Supertrim Whole Bone In Ham','Complete',40,1,'Fricks Meat Products',55,35,0,72228,'Halt','Tastes like ham used to taste',1,NULL,NULL,NULL,NULL,'2008-03-24 20:11:14',NULL),(495,'Frick\'s Supertrim Whole Bone In Ham','Frick\'s Supertrim Whole Bone In Ham','Complete',40,1,'Fricks Meat Products',58,35,0,67083,'Halt','Tastes like ham used to taste',1,NULL,NULL,NULL,NULL,'2008-03-25 18:38:19',NULL),(496,'Frick\'s Supertrim Whole Bone In Ham','Frick\'s Supertrim Whole Bone In Ham','Complete',40,0,'Fricks Meat Products',29,35,0,73394,'Halt','Tastes like ham used to taste',1,NULL,NULL,NULL,NULL,'2008-03-25 20:24:05',NULL),(497,'Frick\'s Supertrim Whole Bone In Ham','Frick\'s Supertrim Whole Bone In Ham','Ready',40,NULL,'Fricks Meat Products',165,NULL,NULL,NULL,NULL,'Tastes like ham used to taste',NULL,NULL,NULL,NULL,NULL,'2008-03-26 19:27:54',NULL),(498,'6 -- 12 OZ ribeye steaks from Droege\'s','6 -- 12 OZ ribeye steaks from Droege\'s','Complete',45,1,'Buescher & Ditch',28,45,1,68431,'Halt','Wastewater treatment, stormwater control, urban & rural land surveying, subdivision design, commercial & industrial site engineering.',1,NULL,NULL,NULL,NULL,'2008-03-24 19:03:45',NULL),(499,'6 -- 12 OZ ribeye steaks from Droege\'s','6 -- 12 OZ ribeye steaks from Droege\'s','Complete',45,1,'Buescher & Ditch',50,45,0,66511,'Halt','Wastewater treatment, stormwater control, urban & rural land surveying, subdivision design, commercial & industrial site engineering.',1,NULL,NULL,NULL,NULL,'2008-03-25 18:26:28',NULL),(500,'Lunch for 2 at Basket Case','Lunch for 2 at Basket Case','Complete',25,0,'Buescher & Ditch',30,25,0,72707,'Halt','Wastewater treatment, stormwater control, urban & rural land surveying, subdivision design, commercial & industrial site engineering.',1,NULL,NULL,NULL,NULL,'2008-03-25 20:11:37',NULL),(501,'Dinner for 4 at Creamery Hill','Dinner for 4 at Creamery Hill','Ready',100,NULL,'Dr. James Mace',166,NULL,NULL,NULL,NULL,'Thank you Rotary for your contributions to the community from Dr. James Mace',NULL,NULL,NULL,NULL,NULL,'2008-03-26 19:27:54',NULL),(502,'Lube Oil & Filter','Lube Oil & Filter','Complete',30,0,'Unnerstall Tire Co',21,30,1,67889,'Halt','Call Tom or Keith for your Tire and Car needs',1,NULL,NULL,NULL,NULL,'2008-03-24 18:53:14',NULL),(503,'Lube Oil & Filter','Lube Oil & Filter','Complete',30,0,'Unnerstall Tire Co',48,25,0,66309,'Halt','Call Tom or Keith for your Tire and Car needs',1,NULL,NULL,NULL,NULL,'2008-03-25 18:28:12',NULL),(504,'Lube Oil & Filter','Lube Oil & Filter','Complete',30,0,'Unnerstall Tire Co',87,30,0,67080,'Halt','Call Tom or Keith for your Tire and Car needs',1,NULL,NULL,NULL,NULL,'2008-03-26 18:36:54',NULL),(505,'Lube Oil & Filter','Lube Oil & Filter','Ready',30,NULL,'Unnerstall Tire Co',167,NULL,NULL,NULL,NULL,'Call Tom or Keith for your Tire and Car needs',NULL,NULL,NULL,NULL,NULL,'2008-03-26 19:27:54',NULL),(506,'Broege\'s BBQ Package','Broege\'s BBQ Package','Complete',45,1,'Jim\'s Heating and Cooling',51,45,1,66642,'Halt','Turn to the experts at Jim\'s Heating & Cooling for all your heating & cooling needs',1,NULL,NULL,NULL,NULL,'2008-03-25 18:27:34',NULL),(507,'BBQ Rib Feast from Droege\'s','BBQ Rib Feast from Droege\'s','Complete',45,0,'Jim\'s Heating and Cooling',33,50,0,72965,'Halt','Turn to the experts at Jim\'s Heating & Cooling for all your heating & cooling needs',1,NULL,NULL,NULL,NULL,'2008-03-25 20:19:06',NULL),(508,'Spa Manicure & Pedicure Package at Backs, Bodies & More','Spa Manicure & Pedicure Package at Backs, Bodies & More','Complete',55,1,'Mark, Beckie & Alex Piontek',8,50,1,66931,'Halt','Best wishes for a successful auction.',1,NULL,NULL,NULL,NULL,'2008-03-24 18:34:52',NULL),(509,'2 - 1 hour massages at Backs, Bodies & More','2 - 1 hour massages at Backs, Bodies & More','Complete',120,0,'Mark, Beckie & Alex Piontek',43,120,0,65909,'Halt','Best wishes for a succesful auction.',1,NULL,NULL,NULL,NULL,'2008-03-25 18:25:30',NULL),(510,'2 - 1 hour massages at Backs, Bodies & More','2 - 1 hour massages at Backs, Bodies & More','Complete',120,0,'LEWIS,RICE, & FINGERSH, LC',61,120,0,65036,'Halt','Lewis, Rice, & Fingersh, LC Attorneys at law.',1,NULL,NULL,NULL,NULL,'2008-03-26 18:05:00',NULL),(511,'Ertl Die-cast John Deere 8530 Toy Tractor','Ertl Die-cast John Deere 8530 Toy Tractor','Complete',75,0,'Schweissguth Bros. Farm Equip',2,75,0,66051,'Halt','For all your lawn care needs.',1,NULL,NULL,NULL,NULL,'2008-03-24 18:22:28',NULL),(512,'Yearly exam & vaccines for a dog.','Yearly exam & vaccines for a dog.','Complete',91,1,'Animal Hospital of Washington',7,90,0,67536,'Halt','Includes rabies and distemper vaccines and a heartworm test  & worm test.  Dr. Dan Smith of the Animal Hospital of Washington.',1,NULL,NULL,NULL,NULL,'2008-03-24 18:48:21',NULL),(513,'Microship Indentification for a dog or cat.','Microship Indentification for a dog or cat.','Complete',39,0,'Animal Hospital of Washington',49,30,0,67238,'Halt','This is an A.V.I.D. Microchip & includes registration. Dr. Dan Smith of the Animal Hospital of Washington.',1,NULL,NULL,NULL,NULL,'2008-03-25 18:41:37',NULL),(514,'Yearly exam & vaccines for a cat.','Yearly exam & vaccines for a cat.','Complete',67,0,'Animal Hospital of Washington',58,30,0,64699,'Halt','Includes rabies and distemper vaccines and a heartworm test. Dr Dan Smith of the Animal Hospital of Washington.',1,NULL,NULL,NULL,NULL,'2008-03-26 17:56:41',NULL),(515,'2 Millers First - Bag Chairs, golf towels and a sunvisor and ball cap','2 Millers First - Bag Chairs, golf towels and a sunvisor and ball cap','Ready',40,NULL,'Millers First Insurance Company',168,NULL,NULL,NULL,NULL,'Call Karen Swederska @ 239-6708 for your auto and homeowners insurance needs',NULL,NULL,NULL,NULL,NULL,'2008-03-26 19:27:54',NULL),(516,'$100 Premier Carpet Cart Gift Certificate for Carpet Cleanining in Washington','$100 Premier Carpet Cart Gift Certificate for Carpet Cleanining in Washington','Ready',100,NULL,'Premier Carpet  Care - James Murray',169,NULL,NULL,NULL,NULL,'Carpet, Cleanin, Tile and Grout, air duct, flood damage - 24 hour emergency service.',NULL,NULL,NULL,NULL,NULL,'2008-03-26 19:27:54',NULL),(517,'$20.00 Balducci Vineyards Gift Certficate','$20.00 Balducci Vineyards Gift Certficate','Ready',20,NULL,'Balducci Vineyards',170,NULL,NULL,NULL,NULL,'Great Wine and Great Times',NULL,NULL,NULL,NULL,NULL,'2008-03-26 19:27:54',NULL),(518,'Wine Basket with $25.00 Gift Certificate toward any Wine','Wine Basket with $25.00 Gift Certificate toward any Wine','Complete',50,0,'Blumenhoff Vinyards',11,45,0,67111,'Halt','Fine people, fabulous wine, fun times.',1,NULL,NULL,NULL,NULL,'2008-03-24 18:39:49',NULL),(519,'$25.00 Gift Certificate to Gary R. Lucy Gallery','$25.00 Gift Certificate to Gary R. Lucy Gallery','Complete',25,0,'Gary R. Lucy Gallery',13,25,0,66797,'Halt','',1,NULL,NULL,NULL,NULL,'2008-03-24 18:33:18',NULL),(520,'2 Weekend 18 hole green fees w/cart at Wolf Hollow','2 Weekend 18 hole green fees w/cart at Wolf Hollow','Complete',84,1,'Linmark Machine Products',9,75,0,67292,'Halt','Best of luck to the Washington Rotary Club from Linmark Machine Products',1,NULL,NULL,NULL,NULL,'2008-03-24 18:37:17',NULL),(521,'Cardinals vs. Reds - April 29 - 4 seats - Outfield Boxes','Cardinals vs. Reds - April 29 - 4 seats - Outfield Boxes','Complete',136,0,'R.D. Laboratories Inc.',5,100,0,67458,'Halt','best of luck to the Washington Rotary Club from R. D. Labs',1,NULL,NULL,NULL,NULL,'2008-03-24 18:46:00',NULL),(522,'$30.00 Cowan\'s Gift Card','$30.00 Cowan\'s Gift Card','Ready',30,NULL,'Cowan\'s Restaurant',171,NULL,NULL,NULL,NULL,'Oldest Restaurant in Washington and still the place to meet.',NULL,NULL,NULL,NULL,NULL,'2008-03-26 19:27:54',NULL),(523,'Yearly Exam and Vaccines for a Dog','Yearly Exam and Vaccines for a Dog','Ready',61,NULL,'Animal Care Clinic of Washington, Dr. James Hale',172,NULL,NULL,NULL,NULL,'Includes wellness examination, rabies and distemper vaccines and a heartworm test',NULL,NULL,NULL,NULL,NULL,'2008-03-26 19:27:54',NULL),(524,'Carry out Dinners for Four - Once a Month for 6 Months','Carry out Dinners for Four - Once a Month for 6 Months','Complete',250,1,'Cafe  Mosaic',39,200,0,63348,'Halt','For fast and fresh breakfast or lunch visit Caf Mosaic centrally located in the Patients First of Washington Building.  Also offering customized catering for groups of any size.',1,NULL,NULL,NULL,NULL,'2008-03-26 17:36:51',NULL),(525,'Pro Form XP 420 Raxor Elliptical Machine','Pro Form XP 420 Raxor Elliptical Machine','Complete',500,0,'Patients First Health Care',93,320,0,68961,'Halt','Improving the quality of healthcare for families.  Patients First Healthcare - now offering 14 offices throughout East Central Missouri',1,NULL,NULL,NULL,NULL,'2008-03-26 19:06:04',NULL),(526,'BBQ Accessory Kit','BBQ Accessory Kit','Complete',50,0,'Missouri Natural Gas',57,35,1,64312,'Halt','',1,NULL,NULL,NULL,NULL,'2008-03-26 17:51:20',NULL),(527,'Happy hour for 6 at Chico\'s','Happy hour for 6 at Chico\'s','Complete',75,0,'Bank of Franklin County',38,75,1,63520,'Halt','A real community bank with 4 locations to better serve you, Washington, Krakow and New Haven',1,NULL,NULL,NULL,NULL,'2008-03-26 17:36:02','http://www.washingtonrotary.com/auction-moreinfo/527.jpg'),(528,'$50.00 Hillermann Nursery & Florist, Inc.Gift Certificate','$50.00 Hillermann Nursery & Florist, Inc.Gift Certificate','Complete',50,1,'Schroepfer Bauer Insurance Agency',6,45,0,66047,'Halt','',1,NULL,NULL,NULL,NULL,'2008-03-24 18:21:36',NULL),(529,'Dinner for 4 at Chico\'s','Dinner for 4 at Chico\'s','Complete',40,0,'Schroepfer Bauer Insurance Agency',34,35,0,73675,'Halt','',1,NULL,NULL,NULL,NULL,'2008-03-25 20:28:47',NULL),(530,'Washington High School Men\'s Polo - White - XL','Washington High School Men\'s Polo - White - XL','Complete',25,0,'Legacy Embroidery & Screen Printing',1,10,0,64750,'Halt','',1,NULL,NULL,NULL,NULL,'2008-03-24 17:58:53',NULL),(531,'Borgia - Gear Brand Polo - Ladies - Large','Borgia - Gear Brand Polo - Ladies - Large','Complete',30,1,'Legacy Embroidery & Screen Printing',42,15,1,67256,'Halt','',1,NULL,NULL,NULL,NULL,'2008-03-25 18:39:05',NULL),(532,'Washington High School Fleece Pullover - Large','Washington High School Fleece Pullover - Large','Complete',30,1,'Legacy Embroidery & Screen Printing',41,25,1,62971,'Halt','',1,NULL,NULL,NULL,NULL,'2008-03-26 17:27:03',NULL),(533,'Borgia Ladies Scoop Neck Shirt - Medium','Borgia Ladies Scoop Neck Shirt - Medium','Ready',20,NULL,'Legacy Embroidery & Screen Printing',173,NULL,NULL,NULL,NULL,'',NULL,NULL,NULL,NULL,NULL,'2008-03-26 19:27:54',NULL),(534,'St. Louis Blues Autographed Hockey Stick','St. Louis Blues Autographed Hockey Stick','Ready',150,NULL,'Developmental Services of Franklin County',174,NULL,NULL,NULL,NULL,'',NULL,NULL,NULL,NULL,NULL,'2008-03-26 19:27:54',NULL),(535,'Mans Titanium Seiko Watch (SGG711)','Mans Titanium Seiko Watch (SGG711)','Ready',169,NULL,'Brune Jewelers',175,NULL,NULL,NULL,NULL,'Located at Washington Corners.  Tue, Wed, Sat 9-5 and Thu, Fri 9-8.  Watch  inclued personal fitting at Brune Jewelers',NULL,NULL,NULL,NULL,NULL,'2008-03-26 19:27:54','http://www.washingtonrotary.com/auction-moreinfo/535.jpg'),(536,'Droege\'s Famous Fried Chicken Dinner for eight','Droege\'s Famous Fried Chicken Dinner for eight','Ready',40,NULL,'Sahm Welding',176,NULL,NULL,NULL,NULL,'',NULL,NULL,NULL,NULL,NULL,'2008-03-26 19:27:54',NULL),(537,'Droege\'s Six (6) US choice 12oz Ribeye steaks','Droege\'s Six (6) US choice 12oz Ribeye steaks','Complete',45,0,'Sahm Welding',40,45,0,66314,'Halt','',1,NULL,NULL,NULL,NULL,'2008-03-25 18:24:52',NULL),(538,'Fas-Trip 66-5 Triple shine washes','Fas-Trip 66-5 Triple shine washes','Complete',40,1,'Sahm Welding',35,35,0,74442,'Halt','',1,NULL,NULL,NULL,NULL,'2008-03-25 20:37:07',NULL),(539,'Williams Brothers famous 4 oz filet mignon','Williams Brothers famous 4 oz filet mignon','Ready',60,NULL,'Miller Funeral Home',177,NULL,NULL,NULL,NULL,'',NULL,NULL,NULL,NULL,NULL,'2008-03-26 19:27:54',NULL),(540,'Droege\'s Six (6) US choice 12oz Ribeye steaks','Droege\'s Six (6) US choice 12oz Ribeye steaks','Complete',45,1,'Miller Funeral Home',39,45,0,66065,'Halt','',1,NULL,NULL,NULL,NULL,'2008-03-25 18:23:08',NULL),(541,'Droege\'s Six (6) US choice 12oz Ribeye steaks','Droege\'s Six (6) US choice 12oz Ribeye steaks','Complete',45,0,'Miller Funeral Home',3,46,0,65516,'Halt','',1,NULL,NULL,NULL,NULL,'2008-03-24 18:12:56',NULL),(542,'Williams Brothers famous 4 oz filet mignon','Williams Brothers famous 4 oz filet mignon','Complete',60,0,'Miller Funeral Home',31,65,1,72506,'Halt','',1,NULL,NULL,'','','2008-03-25 20:06:21',NULL),(543,'Beach Bag, Beach towel, Photo Album and Camera','Beach Bag, Beach towel, Photo Album and Camera','Ready',35,NULL,'Hillsboro Title Co',178,NULL,NULL,NULL,NULL,'Hillsboro Title Company - 239-9229',NULL,NULL,NULL,NULL,NULL,'2008-03-26 19:27:54',NULL),(544,'$30.00 ZuZu\'s Gift Certificate','$30.00 ZuZu\'s Gift Certificate','Complete',30,1,'Zuzu\'s Petals Gifts LLC',41,25,0,65975,'Halt','',1,NULL,NULL,NULL,NULL,'2008-03-25 18:21:51',NULL),(545,'$50.00 Brown Shoe Gift Card','$50.00 Brown Shoe Gift Card','Ready',50,NULL,'Brown\'s Enterprises',180,NULL,NULL,NULL,NULL,'Brown\'s for all your footwear needs.',NULL,NULL,NULL,NULL,NULL,'2008-03-26 19:27:54',NULL),(854,'Droege\'s 6 - 12oz Strip Steaks','','Ready',45,NULL,'Washington Engineeering & Architecture',179,NULL,NULL,NULL,NULL,'WEA thanks to Rotary for its continued role in community development',NULL,NULL,NULL,'','','2008-03-26 19:27:54',NULL),(855,'$25.00 Encore Gift Certificate','','Complete',25,0,'Encore Resale Shop',546,25,1,72175,'Halt','Gently won clothing at gentle prices.  Mens, Women\'s and childrens.  Accepting donations during store hours',1,NULL,NULL,'','','2008-03-24 20:35:21',NULL),(856,'$25.00 Encore Gift Certificate','','Complete',25,0,'Encore Reslae Shop',26,20,0,64489,'Halt','Gently worn clothing at gentle prices.  Mens, womens and childrens.  Accepting donations during store hours.',1,NULL,NULL,'',NULL,'2008-03-25 18:02:02',NULL),(857,'$25.00 Encore Gift Certificate','','Complete',25,1,'Encore Gift Certificate',42,10,0,62703,'Halt','Gently worn clothing at gentle prices.  Mens, womens and childrens.  Accepting donations during store hours.',1,NULL,NULL,'',NULL,'2008-03-26 17:27:05',NULL),(858,'$25.00 Encore Gift Certificate','','Ready',25,NULL,'Encore Resale Shop',181,NULL,NULL,NULL,NULL,'Gently worn clothing at gentle prices.  Mens, womens and childrens.  Accepting donations during store hours.',NULL,NULL,NULL,'',NULL,'2008-03-26 19:27:54',NULL),(861,'$50.00 Certificate toward a Catered Event','','Ready',50,NULL,'B & B Barbeque and Catering LLC',182,NULL,NULL,NULL,NULL,'Stop by and try our award winning BBQ. Remember B & B BBQ and catering for your next event.',NULL,NULL,NULL,'',NULL,'2008-03-26 19:27:54',NULL),(859,'1 Case Mona Vie - Active or Regular','','Complete',120,0,'Amy and Roger Williams',46,60,1,63478,'Halt','Juice fromt he Amazon - 19 Different Fruits',1,NULL,NULL,'',NULL,'2008-03-26 17:36:04',NULL),(860,'$25.00 O\'Reilly Auto Parts','','Complete',25,0,'O\'Reilly Auto Parts',45,25,1,62041,'Halt','Stop by O\'Reilly\'s for all your automotive domestic or imports.  Don\'t forget to checkout our monthly specials.',1,NULL,NULL,'',NULL,'2008-03-26 17:17:15',NULL),(862,'$30.00 Lowes Gift Card','','Ready',30,NULL,'Prudential Alliance Realtors',183,NULL,NULL,NULL,NULL,'Prudential Alliance Realtors #1 Prudential Real Estate company in Missouri.  Service Beyond your expectation. call 636-390-0505',NULL,NULL,NULL,'',NULL,'2008-03-26 19:27:54',NULL),(863,'Seven Day Executive Pen Set','','Complete',110,0,'DAC Inc.',48,30,1,63439,'Halt','See DAC Inc. for your advertising specialty products',1,NULL,NULL,'',NULL,'2008-03-26 17:33:58',NULL),(864,'4 Cardinal Baseball Tickets for April 5th','Section 244 Row 4 - Redbird Club','Complete',190,0,'Dr. Tom and Jane Johans',65,140,0,65820,'Halt',NULL,1,NULL,NULL,'',NULL,'2008-03-26 18:19:41',NULL),(865,'2 hr on-site computer consult','','Bidding',150,0,'Cogent Innovators',45,140,1,72397,NULL,'Your one-stop full service I.T. shop.  www.cogentinnovators.com',1,NULL,NULL,'','','2008-03-26 20:02:23',NULL);
UNLOCK TABLES;
/*!40000 ALTER TABLE `items` ENABLE KEYS */;

--
-- Table structure for table `memberslogin`
--

DROP TABLE IF EXISTS `memberslogin`;
CREATE TABLE `memberslogin` (
  `username` char(50) default NULL,
  `password` char(50) default NULL,
  `status` char(50) default NULL
) ENGINE=MyISAM DEFAULT CHARSET=latin1;

--
-- Dumping data for table `memberslogin`
--


/*!40000 ALTER TABLE `memberslogin` DISABLE KEYS */;
LOCK TABLES `memberslogin` WRITE;
INSERT INTO `memberslogin` (`username`, `password`, `status`) VALUES ('admin','harris','Administrator'),('operator','harris','Operator');
UNLOCK TABLES;
/*!40000 ALTER TABLE `memberslogin` ENABLE KEYS */;

--
-- Table structure for table `stockitems`
--

DROP TABLE IF EXISTS `stockitems`;
CREATE TABLE `stockitems` (
  `ID` int(11) NOT NULL auto_increment,
  `Name` char(255) default NULL,
  `ItemDescription` char(255) default NULL,
  `suggestedvalue` int(11) default NULL,
  `Cost` int(11) default NULL,
  PRIMARY KEY  (`ID`)
) ENGINE=MyISAM DEFAULT CHARSET=latin1;

--
-- Dumping data for table `stockitems`
--


/*!40000 ALTER TABLE `stockitems` DISABLE KEYS */;
LOCK TABLES `stockitems` WRITE;
INSERT INTO `stockitems` (`ID`, `Name`, `ItemDescription`, `suggestedvalue`, `Cost`) VALUES (858,'Lunch for 2 at Basket Case','Lunch for 2 at Basket Case',25,20),(859,'Lunch for 4 at Basket Case','Lunch for 4 at Basket Case',50,45),(860,'Dinner for 2 at Creamery Hill','Dinner for 2 at Creamery Hill',50,45),(861,'Dinner for 4 at Creamery Hill','Dinner for 4 at Creamery Hill',100,90),(862,'Happy hour for 6 at Chico\'s','Happy hour for 6 at Chico\'s',75,70),(863,'Dinner for 2 at Chico\'s','Dinner for 2 at Chico\'s',25,20),(864,'Dinner for 4 at Chico\'s','Dinner for 4 at Chico\'s',40,35),(865,'Six golf lessons from Gordon Ziegler at Elmwood','Six golf lessons from Gordon Ziegler at Elmwood',210,150),(866,'Five weekday rounds of golf at Elmwood','Five weekday rounds of golf at Elmwood',40,35),(867,'2 Monday-Friday 18 hole green fee w/cart at Wolf Hollow','2 Monday-Friday 18 hole green fee w/cart at Wolf Hollow',50,35),(868,'4 Monday-Friday 18 hole green fee w/cart at Wolf Hollow','4 Monday-Friday 18 hole green fee w/cart at Wolf Hollow',100,65),(869,'2 - 1/2 hour golf lesson with Scott Brauer at Wolf Hollow','2 - 1/2 hour golf lesson with Scott Brauer at Wolf Hollow',80,50),(870,'2 Weekend 18 hole green fees w/cart at Wolf Hollow','2 Weekend 18 hole green fees w/cart at Wolf Hollow',70,55),(871,'4 Weekend 18 hole green fees with cart at Wolf Hollow','4 Weekend 18 hole green fees with cart at Wolf Hollow',140,110),(872,'J&M Car Wash-10 Automatic car wash package','J&M Car Wash-10 Automatic car wash package',45,30),(873,'Fas-Trip 66-5 Triple shine washes','Fas-Trip 66-5 Triple shine washes',37,25),(874,'$30.00 Hillermann Nursery & Florist, Inc. Gift Certificate','$30.00 Hillermann Nursery & Florist, Inc. Gift Certificate',30,24),(875,'$35.00 Aldo\'s Restaurant Gift Certificate','$35.00 Aldo\'s Restaurant Gift Certificate',35,30),(876,'1 Hour massage at The Body Natural','1 Hour massage at The Body Natural',50,45),(877,'1 1/2 Hour Custom Facial at Roller & Company','1 1/2 Hour Custom Facial at Roller & Company',60,50),(878,'1 Hour massage at Roller & Company','1 Hour massage at Roller & Company',50,40),(879,'Droege\'s BBQ Package - 25 10oz. Center cut pork steaks (uncooked), 10 lbs. Best Choice charcoal, 1 qt. Charcoal lighter and 2 bottles Maull\'s BBQ sauce','Droege\'s BBQ Package - 25 10oz. Center cut pork steaks (uncooked), 10 lbs. Best Choice charcoal, 1 qt. Charcoal lighter and 2 bottles Maull\'s BBQ sauce',37,33),(880,'Droege\'s BBQ Feast - 15 Center cut pork steaks (BBQ\'d), 2 lbs. baked beans, 2 lbs. creamy coleslaw, 1 loaf of Droege\'s French Bread','Droege\'s BBQ Feast - 15 Center cut pork steaks (BBQ\'d), 2 lbs. baked beans, 2 lbs. creamy coleslaw, 1 loaf of Droege\'s French Bread',39,35),(881,'Droege\'s BBQ Rib Feast - 3 large slabs of baby back ribs (BBQ\'d), 2 lbs. red potato salad, 2 lbs. poppy seed coleslaw, 1 loaf of Droege\'s French Bread','Droege\'s BBQ Rib Feast - 3 large slabs of baby back ribs (BBQ\'d), 2 lbs. red potato salad, 2 lbs. poppy seed coleslaw, 1 loaf of Droege\'s French Bread',39,35),(882,'Droege\'s Large fancy deli platter for 20 people with sliced baked ham, roast beef, turkey and 2 cheeses.','Droege\'s Large fancy deli platter for 20 people with sliced baked ham, roast beef, turkey and 2 cheeses.',40,36),(883,'Droege\'s Six (6) US choice KC 12 oz strip steaks','Droege\'s Six (6) US choice KC 12 oz strip steaks',39,35),(884,'Droege\'s Six (6) US choice 12oz Ribeye steaks','Droege\'s Six (6) US choice 12oz Ribeye steaks',39,35),(885,'Droege\'sTwenty (20) boneless pork chops','Droege\'sTwenty (20) boneless pork chops',35,31),(886,'Droege\'s Dinner for eight - 24 pieces of Droege\'s famous fried chicken, three side salads, rolls, a 12pk of soda, plates, utensils.','Droege\'s Dinner for eight - 24 pieces of Droege\'s famous fried chicken, three side salads, rolls, a 12pk of soda, plates, utensils.',37,33),(887,'Williams Brothers Steak lovers pkg-12 top choice Ribeye steaks approximately 10-12 oz each','Williams Brothers Steak lovers pkg-12 top choice Ribeye steaks approximately 10-12 oz each',99,95),(888,'Williams Brothers Beef and Reef pkg-4 choice 12 oz.Ribeye steaks and 4 - 8oz Lobster tails','Williams Brothers Beef and Reef pkg-4 choice 12 oz.Ribeye steaks and 4 - 8oz Lobster tails',90,87),(889,'Williams Brothers BBQ Package for 10 people includes sliced smoked beef brisket and BBQ pulled pork, homemade potato salad, sweet and sour slaw and rolls','Williams Brothers BBQ Package for 10 people includes sliced smoked beef brisket and BBQ pulled pork, homemade potato salad, sweet and sour slaw and rolls',80,75),(890,'Williams Brothers Natural Hickory smoked bone-in ham, spiral cut with apple honey glaze.','Williams Brothers Natural Hickory smoked bone-in ham, spiral cut with apple honey glaze.',60,50),(891,'Williams Brothers hickory smoked slab bacon, Ten 1 lb packages','Williams Brothers hickory smoked slab bacon, Ten 1 lb packages',40,35),(892,'Williams Brothers famous 4 oz filet mignon 20 filets wrapped two per package','Williams Brothers famous 4 oz filet mignon 20 filets wrapped two per package',50,46),(893,'Williams Brothers Holiday dinner for 15 includes 1/2 of a spiral cut ham, new potatoes w/butter and chive sauce,  green bean casserole, pasta salad, dinner rolls, 1 apple and 1 cherry pie.','Williams Brothers Holiday dinner for 15 includes 1/2 of a spiral cut ham, new potatoes w/butter and chive sauce,  green bean casserole, pasta salad, dinner rolls, 1 apple and 1 cherry pie.',128,115),(894,'$50.00 Williams Brothers Gift Certificate','$50.00 Williams Brothers Gift Certificate',50,45),(895,'$100.00 Williams Brothers Gift Certificate','$100.00 Williams Brothers Gift Certificate',100,95);
UNLOCK TABLES;
/*!40000 ALTER TABLE `stockitems` ENABLE KEYS */;

/*!40101 SET SQL_MODE=@OLD_SQL_MODE */;
/*!40014 SET FOREIGN_KEY_CHECKS=@OLD_FOREIGN_KEY_CHECKS */;
/*!40014 SET UNIQUE_CHECKS=@OLD_UNIQUE_CHECKS */;
/*!40101 SET CHARACTER_SET_CLIENT=@OLD_CHARACTER_SET_CLIENT */;
/*!40101 SET CHARACTER_SET_RESULTS=@OLD_CHARACTER_SET_RESULTS */;
/*!40101 SET COLLATION_CONNECTION=@OLD_COLLATION_CONNECTION */;
/*!40111 SET SQL_NOTES=@OLD_SQL_NOTES */;

